{
"type": "FeatureCollection",
"name": "barris",
"crs": { "type": "name", "properties": { "name": "urn:ogc:def:crs:OGC:1.3:CRS84" } },
"features": [
{"type":"Feature","properties":{"gml_id":"barris.1","barris_id":1.0,"nom":"CANYET                        ","nom_min":"Canyet                        "},"geometry":{"type":"MultiPolygon","coordinates":[[[[2.234917041403305,41.491891665023033],[2.235765482575799,41.491735631282843],[2.236589822300414,41.491567901884927],[2.236946307095934,41.491532670297865],[2.237449797666172,41.491444016587231],[2.237647441892449,41.491381470084164],[2.237689171181179,41.491457783381243],[2.238188428142431,41.491368050560922],[2.238898610329126,41.491416147373265],[2.239869880140455,41.49185655489805],[2.240030254819475,41.491888933007452],[2.240455232490668,41.491601315104454],[2.240488106116772,41.491579066602164],[2.239464531874917,41.490811479882453],[2.238761267012632,41.488873599053861],[2.238827350671007,41.488151103089102],[2.239896170885213,41.486184614681335],[2.239898198998477,41.486175080244067],[2.23992767036243,41.486113304104897],[2.239957627098802,41.486050990720969],[2.240018377295494,41.48597771161014],[2.240079128408115,41.485904342398683],[2.240150052261114,41.485821492513736],[2.24022109570933,41.485738643374148],[2.240243400770965,41.485685286768266],[2.240265712113592,41.485631389755333],[2.240266400882893,41.485597067118718],[2.240267424821106,41.485546371249725],[2.240269256245436,41.485461443600947],[2.240281023792604,41.485377031945092],[2.240292911083367,41.485292621077711],[2.24028844674301,41.485254400232215],[2.240284104289078,41.48521600004338],[2.240252713398987,41.485144904505212],[2.240221329947805,41.485073178488804],[2.240212397947934,41.485007275421118],[2.240203473336746,41.484940741882951],[2.240209103895775,41.484918143485622],[2.240226976969195,41.484846319459763],[2.240250592935176,41.484752528290159],[2.240287638318307,41.484657564774693],[2.240324676221243,41.484563231714347],[2.240332699695441,41.484450692233175],[2.240340715768945,41.484338783218327],[2.240334077629128,41.484302079269888],[2.24032744476091,41.484264924985759],[2.240316876727085,41.484205766660814],[2.240306308711605,41.484146608334356],[2.240245664921499,41.483916915470289],[2.240265284369373,41.483913919486511],[2.240276842319844,41.483911960151453],[2.240296831508148,41.483908074871891],[2.24031165152314,41.483904749938155],[2.24032267965166,41.483902003455668],[2.240339131025235,41.483897455278694],[2.240355493210926,41.483892339044296],[2.240366388872966,41.483888627891133],[2.24038219759599,41.483882697332106],[2.240391716074992,41.483878959067184],[2.240403381989396,41.483873910894637],[2.240411957416948,41.483869896178597],[2.240424549499763,41.483863494002641],[2.240436824298684,41.483856567301125],[2.24044614960196,41.483850909180219],[2.240461935921075,41.483840744984924],[2.240473418759298,41.483832912310262],[2.2404901621415,41.483820799824997],[2.240511533264714,41.483804232208172],[2.240525497878179,41.483793128213982],[2.240539418682789,41.483781672640269],[2.240549570675745,41.483772921423963],[2.240556979507685,41.48376623280484],[2.2405676887879,41.483755917978833],[2.240577839658147,41.483745212147042],[2.240586349510822,41.483735531331256],[2.24060052897241,41.48371833974479],[2.240610635647771,41.483705264672402],[2.240625122147217,41.4836853728902],[2.240638953466177,41.48366517052937],[2.240667032586193,41.483622949057306],[2.240680350034012,41.483601617374255],[2.240686656793614,41.483590832112618],[2.240692641428093,41.483579936635415],[2.240718246878323,41.483531060368485],[2.240743147737334,41.483481999296785],[2.240766343125313,41.483435376975066],[2.240789514630463,41.48338874548336],[2.240812529451333,41.483342194019158],[2.240835544344098,41.483295633543108],[2.240848709189657,41.483269923236406],[2.240858970813208,41.483250751154692],[2.240874769093773,41.483222112804896],[2.240890806167521,41.483193539080467],[2.240906482843547,41.483166079892889],[2.240918580323616,41.483145604840487],[2.240927885984083,41.483130335655197],[2.240942286043793,41.483107569900639],[2.240957294614356,41.483085006322433],[2.2409753468909,41.483059256192242],[2.240989285219771,41.483040126374277],[2.241010699201953,41.483011651163672],[2.241032530472038,41.48298334083546],[2.241071852102363,41.482933284942732],[2.241091894059415,41.482908439653777],[2.241112341330248,41.482883759168516],[2.241133460566476,41.482858975023895],[2.24114955898677,41.482840516976864],[2.241174182792515,41.482813080746837],[2.241199425811591,41.482785954847813],[2.241221141291949,41.482763444484796],[2.241254113140817,41.482729902243314],[2.241270527610509,41.482713094618013],[2.241286727850948,41.482696168481141],[2.241331850206796,41.482647844150016],[2.241377079658297,41.482599574551621],[2.241422395292104,41.482552125176944],[2.241468163044486,41.482504930972823],[2.241516744614057,41.482455764668941],[2.241565349853906,41.482406616515078],[2.241615753056078,41.482355300403647],[2.241665858644753,41.482303820174536],[2.241724159926313,41.482242855113419],[2.241782246878386,41.482181771513332],[2.241829193949,41.482133035664297],[2.2418762124958,41.482084327289158],[2.241886958901084,41.482072841620905],[2.241896084943009,41.482062669360346],[2.241911531464357,41.482044612241616],[2.241922771118694,41.482030886977931],[2.241932542854381,41.482018755356385],[2.241944161350872,41.482006437741788],[2.241980615521208,41.481962838956697],[2.241991532505459,41.481950075351669],[2.242003490004155,41.481933337331014],[2.242012566203224,41.481919219490912],[2.242022436024926,41.481902782970216],[2.242034645437147,41.481882930045394],[2.242041587417443,41.481870023146172],[2.242048981888344,41.481855290725598],[2.242055634941123,41.481840454337743],[2.242059679656568,41.481830509796239],[2.24206462630999,41.481817175407365],[2.242070428880476,41.481799261890728],[2.242073375810042,41.481788958826556],[2.242076436515514,41.481777116246356],[2.242079541866056,41.481763499502136],[2.242082072112951,41.481749896983274],[2.242083908432642,41.481736226840177],[2.242084769590579,41.481727090001932],[2.242085450876097,41.481714889462083],[2.242085592663936,41.481698623029359],[2.242085293636253,41.481689343435612],[2.242084626682848,41.481678746336932],[2.242083449761634,41.481666686679006],[2.242080832442143,41.48164769984583],[2.242077351841994,41.481628788390886],[2.24207450382927,41.481616231322121],[2.242070039241659,41.481599529204082],[2.242067131774796,41.481590016245043],[2.242063461461647,41.481579156156513],[2.242058826796494,41.481566767462617],[2.242052371639541,41.481551286241391],[2.242045361977623,41.481536107617544],[2.242040375791908,41.481526130590147],[2.242033330733997,41.481512960382865],[2.242023220641746,41.481495572528672],[2.242017083317017,41.481485705010932],[2.24200972855348,41.481474442330416],[2.241999751168815,41.481460054813361],[2.241989254581334,41.481446024169998],[2.241981887012172,41.481436887150053],[2.24197153384152,41.481424938159954],[2.241965299668615,41.481418240606494],[2.241957877580966,41.481410697535821],[2.241948969103322,41.481402225914053],[2.241934481722386,41.481389411986761],[2.241919497097768,41.481377126217232],[2.241906636268723,41.481368628544189],[2.241895618721979,41.481362295787264],[2.241888302863696,41.48135796905467],[2.241877278071127,41.481352257758957],[2.241869589882306,41.481348018645164],[2.241796818510069,41.481312635310196],[2.241772128383838,41.481299628006269],[2.241721094937706,41.481273638513876],[2.241695274080194,41.481261047087202],[2.241682193720167,41.481254943910542],[2.241668979515613,41.481249019998053],[2.2416032315834,41.481220456408913],[2.241537532036872,41.481191857071344],[2.241460718837012,41.481157987136754],[2.241383881553655,41.481124135006439],[2.241316432967378,41.481094551207022],[2.241248850489834,41.481065155640124],[2.241175110555144,41.481033791828686],[2.241101273300084,41.481002562438611],[2.241007884148911,41.480962475817797],[2.240914714166634,41.480922093322626],[2.240881170308239,41.480907252939438],[2.240831152451374,41.480884611497864],[2.240781061506389,41.480862077640822],[2.240750922333049,41.480849034149941],[2.24070537897399,41.480829917060156],[2.24068265001236,41.480820291234949],[2.240660079175486,41.48081045927875],[2.240632378675786,41.480797828181103],[2.240611831081717,41.480788081631388],[2.240550710913816,41.480758196877503],[2.240516164694859,41.480740998836872],[2.240483758938341,41.480725130000046],[2.240468911635385,41.480717528795736],[2.240450035487543,41.480707225787143],[2.240431281007617,41.480696761445643],[2.240417433364178,41.480688689443397],[2.240405576678583,41.480681414231185],[2.240385332434357,41.480668264845363],[2.240370479017059,41.480658114492641],[2.240348538142815,41.480642557926387],[2.240326803725567,41.480626759519559],[2.240310142841204,41.480614462467095],[2.24029576475123,41.480603612666371],[2.240271076402009,41.480584353911041],[2.240252970621305,41.480569633322645],[2.240239626968816,41.480558412036288],[2.240220028590391,41.480541249584867],[2.240200938613213,41.480523631110636],[2.240187828670059,41.480510862088394],[2.240176762085421,41.480499529732157],[2.240167357183039,41.480489496410257],[2.240151479723641,41.480471664956127],[2.240140032375257,41.4804580692226],[2.240123506062598,41.480437342101439],[2.240107655087377,41.480416223113522],[2.24009104062092,41.480392793183952],[2.24007913829969,41.480375087062207],[2.240070527135063,41.480361708221558],[2.240058151819093,41.480341431862399],[2.240046426830684,41.480320853546672],[2.240033687608034,41.480296872737348],[2.240024688301812,41.480278789463654],[2.240018248198132,41.480265145733441],[2.240009110821783,41.480244530465598],[2.240000598869184,41.480223694144087],[2.239995439538347,41.480210121926582],[2.239987058057991,41.480186323029969],[2.239981314736531,41.480168405384191],[2.239977304327146,41.480154912816289],[2.239971757120804,41.480134564466539],[2.239966774398602,41.48011408473522],[2.239963522133303,41.480099264080266],[2.23995851972241,41.480073298708966],[2.239955334100922,41.48005380365101],[2.239953253441497,41.480039170885192],[2.239950636050416,41.480017175523173],[2.239948618227945,41.479995121070893],[2.239947043767885,41.479968953164139],[2.239946470840553,41.479949322243478],[2.239946391539299,41.479934594612686],[2.239946829445594,41.479912511349667],[2.239947937828977,41.479890450531663],[2.239951703268499,41.479856265288625],[2.239956306431177,41.479822139625057],[2.23996145342347,41.479789647894762],[2.239964326068121,41.479773426524652],[2.239967437926289,41.479757233757191],[2.239975252802454,41.479718859803626],[2.239987531165007,41.479661374605072],[2.239993987347241,41.479632665625523],[2.240000682632767,41.479603994254944],[2.240013522148673,41.479550755248127],[2.240026839860534,41.479497591458149],[2.240040668537463,41.479444773323422],[2.240054509167815,41.479391955265633],[2.240067030908659,41.479342326121312],[2.240079205944256,41.479292640640303],[2.24008400749082,41.479272270587771],[2.240090785219798,41.479241663162675],[2.240097216257009,41.479210999402312],[2.240100834384199,41.479192477056294],[2.240105639269895,41.479164648892471],[2.240109918030483,41.479136745193401],[2.240112412786834,41.479118008255156],[2.24011541269592,41.47908987092206],[2.240117802120539,41.479061702533556],[2.240118979964235,41.479043938702425],[2.240119555190758,41.479030593526581],[2.240119896950702,41.479010581327884],[2.240119483985966,41.478990582158005],[2.240118338537698,41.478971767126808],[2.240117054079001,41.478957671058041],[2.240114582255071,41.478936541368327],[2.240111667095436,41.478915426764509],[2.240108718901367,41.478896113423538],[2.240103618789257,41.478867238015432],[2.240100684964035,41.478852842812891],[2.240097463601605,41.478838454718122],[2.240092561264572,41.478819299607345],[2.24008841635569,41.478805022507103],[2.240081514868261,41.478783728440476],[2.240073833657718,41.47876253731085],[2.240065762153026,41.478741947098342],[2.240059401866972,41.478726610501433],[2.240049236672004,41.478703772618317],[2.240043835966634,41.478692414626529],[2.240038206975231,41.478681118178045],[2.240027981510161,41.478661387449932],[2.240012011775246,41.478632025879605],[2.240003702288169,41.478617451037557],[2.239995116506499,41.478602946428559],[2.239974690143948,41.478569583139866],[2.239964188222062,41.478553012178814],[2.239953409691478,41.478536538470465],[2.239919869263787,41.478486704044244],[2.239902768035188,41.478461928758342],[2.239885281892446,41.478437295044685],[2.23985379719272,41.478393986538286],[2.239822288476613,41.478350686871522],[2.239787177948255,41.478301985968777],[2.239752344401082,41.478253160781847],[2.239735866871851,41.47822934437734],[2.23972386061874,41.478211349287179],[2.239706272264202,41.478184201802684],[2.239688996781775,41.478156930279717],[2.239678379378502,41.478138980394363],[2.239663138195733,41.478111866432627],[2.239655860248985,41.478098199123281],[2.239648822883689,41.478084443329699],[2.239639604545263,41.47806566499986],[2.23962637743953,41.478037366361427],[2.239613931328635,41.478008856706381],[2.239605254118925,41.477987848113528],[2.239592676394922,41.477956257052305],[2.239580531196289,41.477924551752629],[2.2395690681956,41.477893913835636],[2.239560701941722,41.477870898642692],[2.239548782849969,41.477836249411432],[2.239543201507162,41.477818846229013],[2.239537956343584,41.477801373209559],[2.239530731120596,41.477775014801857],[2.239525776942677,41.477755192771902],[2.239518951373864,41.477725387168078],[2.239512629653224,41.477695512835645],[2.239502194988981,41.477644551988618],[2.23949725952393,41.477619037398561],[2.239492743649424,41.477593489552739],[2.239480529711535,41.477519557054109],[2.239468507628861,41.477445607806935],[2.239457760783585,41.477378341479401],[2.23944697792577,41.477311083919297],[2.239433847877437,41.477232542568437],[2.239420550089026,41.477154009113185],[2.239414783914263,41.477117608073947],[2.239406668177694,41.4770629605012],[2.239398204832598,41.477008337651029],[2.239393730721786,41.476983321511788],[2.239386072295924,41.476945890120007],[2.239377850267592,41.476908518052369],[2.239373153912853,41.476888166280432],[2.239365521401976,41.476857733815308],[2.239357265302344,41.476827369285061],[2.239350821977308,41.476805853010909],[2.239345536338188,41.476789802882443],[2.239337001620763,41.476765849783732],[2.239327819046448,41.476741991481369],[2.239319700286124,41.47672240972571],[2.239313223623202,41.47670783794166],[2.239302913978452,41.476686133961756],[2.239291943975108,41.476664569732172],[2.239285393912176,41.476652177254145],[2.239273416568151,41.476630723456907],[2.23926394923982,41.4766148258161],[2.239256542041782,41.476603013149152],[2.23924490230447,41.476585461790123],[2.239232589600433,41.476568104141968],[2.239215960598596,41.476546025083152],[2.239203060730178,41.476529717415062],[2.2391931297892,41.476517617828783],[2.239177757699117,41.476499690486605],[2.239161747624284,41.476482038151985],[2.239137980079846,41.476456921402352],[2.23911989780993,41.476438264539361],[2.239092340233348,41.476410537582161],[2.239064264763103,41.476383059399602],[2.239041999378617,41.476361609575683],[2.239025131342606,41.476345635931281],[2.23901228725649,41.476333778270984],[2.238992586576217,41.476316281643555],[2.238982470871929,41.476307693706204],[2.238955219675455,41.476281427942915],[2.238941561403982,41.476268529035295],[2.238890403305958,41.476220883613216],[2.238837530668335,41.476172380125369],[2.238784079048138,41.476124233077421],[2.238743716022896,41.476088539803968],[2.238703099544427,41.476053015979346],[2.238675223718244,41.476028970844432],[2.238633053828715,41.475993148475567],[2.238612041494906,41.475975174713994],[2.238591246320389,41.475957067274798],[2.238569867346303,41.475937676914754],[2.238554230990768,41.475922909338827],[2.238508142864832,41.475878053573261],[2.238483714746621,41.475854157319553],[2.238465589305599,41.47583614859883],[2.238438913722783,41.475808832654053],[2.238425889579675,41.475794983096534],[2.238413118728075,41.475780982088637],[2.238404266922996,41.475770844185597],[2.238389447272538,41.475752821311175],[2.23837876893187,41.475739113384321],[2.238363202949023,41.475718347311414],[2.238347817879404,41.475697474345367],[2.2383346966079,41.475679651865413],[2.238324996823052,41.475666247657742],[2.238310946417498,41.475645950991485],[2.238304240212182,41.475635665155238],[2.238297798742681,41.47562527298269],[2.238291716548775,41.475614883189017],[2.238281655359923,41.475596549529861],[2.238274475999705,41.475582693623217],[2.238253959571601,41.47554081740693],[2.238240316630448,41.475512326684907],[2.238230327495605,41.475490912963103],[2.238215986302645,41.475458643507835],[2.23820917036826,41.475442394031965],[2.238202643121788,41.475426038378743],[2.238198602537968,41.475415175700945],[2.23819226328004,41.475396065023922],[2.238188036642427,41.475381661200387],[2.238182434780483,41.47535992524211],[2.238177505040958,41.475338067631256],[2.238172717861485,41.475314265363274],[2.238169465872485,41.475296409147788],[2.238165157372221,41.475269574551703],[2.238161520782083,41.475242636316707],[2.238158785530159,41.475217478511588],[2.238157138351787,41.47519860607963],[2.238155266476527,41.475170292390928],[2.238153993493119,41.475141973661238],[2.238153185163848,41.475107731131473],[2.23815331865341,41.475082033866897],[2.238153999722922,41.475062753507075],[2.238154911630862,41.475048302649348],[2.238157021719918,41.475026653797293],[2.238158441863573,41.475015845300561],[2.238160149422902,41.47500503870743],[2.238162377376077,41.474992749337865],[2.238166843711207,41.474971368299222],[2.238170563993638,41.474955395774266],[2.238176592656513,41.474931512014642],[2.238182980478916,41.47490763964074],[2.238192077839063,41.474874327428232],[2.238199064911061,41.474849396147363],[2.238210113137793,41.474812106569694],[2.238215995987537,41.474793509193326],[2.23822218977806,41.474774949905566],[2.238227937504429,41.474758684553613],[2.238238688652041,41.474730391411086],[2.238247343137313,41.474709317335062],[2.238254150559785,41.47469358142957],[2.238264869067618,41.474670116041786],[2.238276208821602,41.474646780870863],[2.238289977830817,41.47461952554621],[2.238311185866186,41.474578844391061],[2.238322129911799,41.474558614152592],[2.238333336569194,41.474538457711311],[2.23837446161208,41.474466076230371],[2.238416183019308,41.474393896845761],[2.238451070463702,41.474334606845161],[2.238468818377632,41.474305062936217],[2.238486912194347,41.474275638410909],[2.238507346496925,41.474243734323849],[2.238538862393209,41.474196203672093],[2.238554554669614,41.474172419893293],[2.238569936942473,41.474148516963709],[2.23861413311263,41.474077695991454],[2.238658293470311,41.474006856749654],[2.238700340473074,41.473940570261682],[2.238721709648668,41.47390756441078],[2.238743484491719,41.473874687344455],[2.238761333664331,41.473848747024583],[2.238788983637386,41.473810180116196],[2.23881693159271,41.473771732269284],[2.238843063326876,41.47373599263593],[2.238856421157734,41.473718246349051],[2.238861285149322,41.473711973345395],[2.238898027444278,41.473670133833011],[2.238918254651984,41.473644632572061],[2.238932045306071,41.473627762859365],[2.238955015790283,41.473600153993303],[2.238978105481825,41.473572590948343],[2.238995404021101,41.47355172713003],[2.239012893101396,41.473530954643813],[2.239025005016975,41.473517325490022],[2.239037313129329,41.473504328151996],[2.239049990154672,41.473491531416357],[2.239075451020099,41.473466019714174],[2.239098945329703,41.473441738020362],[2.239122511157771,41.473417483816995],[2.239136081284827,41.473404098490271],[2.239150079673789,41.473390959195001],[2.239178718783174,41.473365054152026],[2.239203392700695,41.473343329337709],[2.23922861325255,41.473321968430163],[2.239245688364874,41.473307903694362],[2.239256059558588,41.473299739511241],[2.239266691678151,41.473291793230871],[2.23928833638074,41.473276137376224],[2.239302664041397,41.473265558345837],[2.239318190458568,41.473255905997839],[2.239363090815399,41.473227136001874],[2.239397925823225,41.473204955909914],[2.239439420998723,41.473179586184521],[2.239481520456878,41.473154769891913],[2.239524200142074,41.473130515879845],[2.239567459949396,41.473106833154382],[2.239611275823422,41.473083730563225],[2.23967892551528,41.473050291865675],[2.239602207027741,41.472995911360869],[2.239524123441964,41.472960977796625],[2.239517717091119,41.472933255651803],[2.239514775180199,41.472917536275247],[2.239513297411711,41.472910770942903],[2.239511177335098,41.472899533685528],[2.23951490000294,41.472892532514265],[2.239521695506343,41.472888010683782],[2.239530270831458,41.472882861093737],[2.23954301116656,41.47287384783607],[2.239555974498345,41.472865223370128],[2.239565091865988,41.472859807138626],[2.23957825262689,41.472852733250981],[2.239591743109314,41.472846138934635],[2.239600976397341,41.472842074578992],[2.23961368096868,41.472837141436429],[2.239629577492966,41.472831670933644],[2.239645579158589,41.472826426309084],[2.239677547188339,41.4728158827755],[2.239714561180914,41.472802949591674],[2.239726758456309,41.472798382387509],[2.239742810988346,41.472791859032597],[2.239752072212345,41.472787452567644],[2.239766339118437,41.472778980812748],[2.239773534515954,41.472774056276734],[2.239782871967922,41.472767227318222],[2.239795219695011,41.472757986252319],[2.239809395693512,41.472747045859236],[2.239822869886149,41.472735695492496],[2.239831633177574,41.472727781845478],[2.239838563695486,41.472720927967778],[2.239848536394537,41.472708932945359],[2.239852998742707,41.472702170844187],[2.239857603273705,41.472693491102909],[2.239861639400498,41.472681186623731],[2.23986283206636,41.472671367414748],[2.23986219078917,41.472659635521033],[2.239859914635577,41.472649451105951],[2.239855160721169,41.472637106550977],[2.239849771488998,41.472624811841683],[2.23984680303088,41.472616478378697],[2.239843276883652,41.472604628337699],[2.239840230378865,41.472592727421933],[2.239838425222465,41.472580159153708],[2.239838266659316,41.472571186719257],[2.239838755074444,41.472562191538309],[2.239840725742535,41.472544216751871],[2.239842200639648,41.472531769242508],[2.239844177968839,41.472519370090652],[2.23984771797301,41.472506476850796],[2.239850615119818,41.472496326624309],[2.239856310479284,41.472482438797691],[2.239862409006838,41.472471967446026],[2.239871206888428,41.47245801905531],[2.239882029809965,41.47244500280285],[2.239887633963276,41.472438914794488],[2.2398948427762,41.472429765861051],[2.239903254477778,41.472420165497951],[2.239908452628461,41.472413975723988],[2.23991367138813,41.472407047477802],[2.239919713047843,41.472397341377565],[2.239924157763606,41.47238901186639],[2.239931443616169,41.472374296856287],[2.239937665329352,41.47236045754066],[2.239940216036144,41.472353304492174],[2.239944923788797,41.472340914373348],[2.239950319561901,41.472321917356915],[2.239953256582377,41.47231245195475],[2.239956127858038,41.472302463687853],[2.239958985310609,41.472294682146654],[2.239962109087784,41.472285632319384],[2.239966178088974,41.472275633951718],[2.239972595429881,41.472267596702991],[2.23998178980199,41.472257632201519],[2.239991776820947,41.472248501619056],[2.240004960974591,41.472236338646361],[2.240027118372251,41.472217758628091],[2.240037672921943,41.472209253303156],[2.240046442826757,41.472201790053788],[2.240056808689728,41.472194058118284],[2.240073537467111,41.472181918556814],[2.240086290722808,41.472172806242085],[2.240100237016107,41.472162035435758],[2.240117752979089,41.472150171290913],[2.24012930762876,41.472142167972585],[2.24013999753834,41.47213437511838],[2.240155602069442,41.472123128859522],[2.240168753745223,41.472113739937697],[2.240179947654172,41.472105860335013],[2.240189218695356,41.472098553511238],[2.240209683530697,41.472083376087788],[2.240230089007107,41.472068153231504],[2.24024966808441,41.472052933920345],[2.240268938325155,41.472037496387955],[2.240297116343733,41.472014065056726],[2.240310884332415,41.472002149105087],[2.240324379098326,41.471990042191457],[2.240349042578156,41.471967083042998],[2.2403738002848,41.471943232777214],[2.240395656585805,41.471921705273552],[2.240414196061979,41.471901155685117],[2.240423016897576,41.471890350991401],[2.240433935435554,41.471876308472048],[2.240439869276324,41.471867619470011],[2.240443820027009,41.471861583567559],[2.240451316246272,41.471850373798006],[2.240459582172107,41.471836836189652],[2.240466044970436,41.471824899001518],[2.240476889885091,41.471803830206362],[2.240481702915476,41.471793692614227],[2.240486945784791,41.471783665949204],[2.240493964010921,41.471768264571409],[2.240501631899739,41.471754659959018],[2.240508468099359,41.471743562923805],[2.240518911904765,41.471729147957291],[2.240525714515659,41.471721950910997],[2.240531723508519,41.471715027854025],[2.24053890279565,41.471708391753943],[2.240548487951507,41.471699816929053],[2.240554477370655,41.471694569121311],[2.240566397871244,41.471685991699601],[2.240573586879955,41.471681598508411],[2.240582737818305,41.471676362565631],[2.240592397370699,41.471671670425167],[2.240603606141903,41.471665583355104],[2.240618493903733,41.471658268542065],[2.24062991704637,41.471653308811916],[2.240645382515878,41.471647799292917],[2.240655666411145,41.471645020841478],[2.240666265426987,41.471642947048004],[2.240704751900696,41.471637166147588],[2.240743237736645,41.471631439274567],[2.240774935059837,41.471626577328813],[2.240806610426649,41.471621544088485],[2.240818231941581,41.471619080703611],[2.240827460232228,41.471616448395572],[2.240854657502166,41.471607233165763],[2.240868136751826,41.471602593234564],[2.240885232703588,41.471595905465264],[2.240901309944606,41.471588256184056],[2.240911265604259,41.471581791509792],[2.240917814564096,41.471575799760188],[2.240923414036779,41.471569072143268],[2.240926149592283,41.47156146091379],[2.24092591123465,41.471554181347436],[2.24092407060028,41.471541558815787],[2.240922775402766,41.471533506644342],[2.240917679951627,41.471514503395703],[2.240912682524143,41.471502490549639],[2.240904977440805,41.47148544270231],[2.240900590269838,41.471477577295254],[2.240890126573697,41.471456782170023],[2.240886430789268,41.471450218393485],[2.240881799207149,41.471440721029985],[2.240877672063413,41.47143007404609],[2.240874528331157,41.471420334294137],[2.240870402563419,41.471401364464995],[2.240867432982844,41.47138491533596],[2.240864129106039,41.471364275551196],[2.240859419402314,41.471337879755197],[2.240857865148826,41.471324322340642],[2.240855935352875,41.471303952839449],[2.240854736837707,41.471293775554372],[2.240853142727352,41.471283631687974],[2.240851623579876,41.471276298630727],[2.240849235272368,41.471263402259979],[2.240844227201117,41.471241021802022],[2.240838909408769,41.4712226025635],[2.240828602945031,41.471192449762007],[2.240821319070934,41.47117317985586],[2.240813617204421,41.471155861800007],[2.240805364057773,41.471139602980195],[2.240794918444871,41.471116240850087],[2.24078399247367,41.471092992644607],[2.240769648496769,41.471062984327595],[2.240755304427758,41.471032985015405],[2.24074075071301,41.471002479901962],[2.240726049420607,41.470972307086782],[2.24072203729844,41.470965146726492],[2.240716117440769,41.470954190656805],[2.24070905274128,41.470941794849836],[2.24070324222361,41.47093173123568],[2.240696673970829,41.470918870319316],[2.240691038746217,41.4709040519447],[2.240687135768826,41.470890623140313],[2.240684387279099,41.470879859145647],[2.24068082847178,41.470863622298417],[2.240678731102329,41.470855555820144],[2.240677351895861,41.470848547950865],[2.240672351301094,41.470836814301926],[2.240666951206174,41.470826474165186],[2.240661147226983,41.470815852131885],[2.240656114132713,41.470806901559975],[2.240650702067879,41.470796561343448],[2.240643751605945,41.47078258998792],[2.240604655046718,41.470678647470727],[2.239375616986778,41.469954652779023],[2.238695691171029,41.469298629657672],[2.237521621279298,41.46841006178802],[2.237512005206709,41.468422302181594],[2.237498366924173,41.468438497190959],[2.23748788037634,41.468452461237092],[2.237477709190393,41.468460977881868],[2.237465743433234,41.468464240308094],[2.237446732317903,41.468466807489563],[2.237435243203871,41.468467208712042],[2.237417986937873,41.468467184377836],[2.237400793434152,41.468467935095646],[2.23738702170794,41.468469978545009],[2.237378340609418,41.468471929641758],[2.237369701915018,41.468474349404985],[2.237358666989657,41.468477888214551],[2.237350667942858,41.468480906707562],[2.237341043821333,41.468485661864669],[2.237334401976033,41.468490382751291],[2.237326626293035,41.468498861222152],[2.237319453171505,41.468508037259582],[2.237309302704771,41.468521931458476],[2.237298890168501,41.468535706822209],[2.237280272893502,41.468558804505243],[2.237270689894336,41.468570261452022],[2.237260664997846,41.468581616385912],[2.237253801926127,41.468587840040428],[2.237244667397668,41.468593733371478],[2.237233297969411,41.468599242576474],[2.237197560263998,41.46861175107508],[2.23718561904847,41.468614959590369],[2.237169809190132,41.468617196667481],[2.237159085042358,41.468617720032313],[2.237144930871338,41.468617653179216],[2.237135896784397,41.468617025793471],[2.237126989100019,41.468615831777711],[2.237109804965668,41.468612718329688],[2.237084116551706,41.468607710956704],[2.237058352701654,41.468603009329989],[2.237036930977768,41.468599750665874],[2.23700466276617,41.468595195037103],[2.236988597375515,41.468592674474763],[2.236972656381564,41.468589758408733],[2.236953306222544,41.46858549563273],[2.236924565122345,41.468578360235227],[2.236910188428842,41.468574806004149],[2.236895725061513,41.468571494396635],[2.236872396605971,41.468566421566806],[2.236848957106683,41.46856162722549],[2.236820781846871,41.468556279026132],[2.236792594405865,41.468550948753865],[2.236768350619248,41.468546320200353],[2.23673615223731,41.468539900422869],[2.236724453934385,41.468536697216834],[2.236712892109733,41.468533089581271],[2.236703730812657,41.468530038320459],[2.236692035235536,41.468525583097346],[2.236678191074065,41.46851849245386],[2.236648714521302,41.468499543374257],[2.236619358259151,41.468480550048213],[2.236588524053937,41.468460961422636],[2.236561169775448,41.468445872576211],[2.236361176860028,41.468514514617958],[2.236137675240056,41.468562814553181],[2.235570619449609,41.468562461056557],[2.235436269630164,41.468308666635018],[2.235360112176243,41.468190037009094],[2.235300734966382,41.468121086750628],[2.234755435503559,41.467831303177753],[2.234735850621488,41.467843963417302],[2.234722592868019,41.467852198068414],[2.23470464687772,41.467862968640283],[2.234680279116653,41.467877047242055],[2.234662027185864,41.467887356392893],[2.234643646075748,41.46789744850313],[2.234631223017097,41.467903950264805],[2.234614336159321,41.467912232813624],[2.234604463645279,41.467916715866799],[2.234592958057945,41.467921575370966],[2.234579473094459,41.467926727954165],[2.234559778192845,41.467933469553337],[2.234539862135944,41.467939669231839],[2.234526487697651,41.467943570512332],[2.23450854985097,41.467948558340929],[2.234484475922565,41.467954964530719],[2.234447982424653,41.46796452171855],[2.234411431483414,41.467973871341606],[2.234386967260414,41.467979860571553],[2.234354090438849,41.467987370095877],[2.234316346605194,41.467995306589771],[2.234278441803332,41.468002674531881],[2.234253072183397,41.468007243540086],[2.23421910377918,41.468012872214175],[2.234199608927503,41.468015840972548],[2.234169069017981,41.468020150352523],[2.234138484177361,41.468024207217354],[2.234077280365475,41.468032167569099],[2.234036569084398,41.468037859376665],[2.233981327004765,41.468045985483037],[2.233926188330574,41.468054481556038],[2.233889578612688,41.468060678023193],[2.233814751280618,41.468074357280983],[2.233740051390571,41.46808839763613],[2.233682632487176,41.46809933742847],[2.233625294625676,41.468110511925175],[2.233606987392057,41.468114317179385],[2.233588866863307,41.468118538016327],[2.233576867817815,41.468121565623562],[2.23356099730367,41.468125900530616],[2.233540038261207,41.468132183160265],[2.233528173136242,41.468136040337917],[2.233514694097612,41.468140679412613],[2.233504531139169,41.468144394804789],[2.233494509961254,41.468148273274586],[2.233474857660669,41.46815646516734],[2.233462035908354,41.468162234544394],[2.233445223550558,41.468170274217648],[2.23342324770515,41.468181540162853],[2.233410882114373,41.468188231331723],[2.233378562423197,41.468206364044498],[2.233346800414203,41.468224932821734],[2.233325885664133,41.468237610979216],[2.233299441487544,41.468254080430228],[2.233236789499787,41.468294439396047],[2.232812047000532,41.46807522173652],[2.232746829193068,41.468137145113303],[2.232396013841168,41.468448388900498],[2.232128655068299,41.46884354350037],[2.231869431288264,41.469660830637487],[2.231891666748673,41.469843577605829],[2.231991027592156,41.470010959483652],[2.231485145489216,41.470253564206203],[2.231387491456477,41.470291382383166],[2.231373831454231,41.470296083049206],[2.231364481636041,41.470298848898899],[2.231352208477892,41.470301721315977],[2.231336459492772,41.470303822887224],[2.231326273632345,41.470303358489552],[2.231312138607567,41.470299616019091],[2.23130023276311,41.47029471748003],[2.231286190519888,41.470288192332944],[2.231270787045979,41.470280315980602],[2.231259629512333,41.470272900360349],[2.231252048394355,41.47026585092437],[2.231244626853752,41.470255433778547],[2.231239884838146,41.470246286573079],[2.231236860530234,41.47023872714702],[2.231232814946083,41.470224360291006],[2.231231086317289,41.470215593522738],[2.231228933435875,41.470202194103692],[2.231225846262106,41.470178682112049],[2.231221532730026,41.470143425251877],[2.231218890189275,41.470125861130477],[2.231215540180993,41.470108373347152],[2.23120382716821,41.47005577277676],[2.231197964488257,41.4700218927035],[2.231193690757162,41.470000489523464],[2.231188649368121,41.469979189301114],[2.231184972576912,41.469965032078548],[2.231179734472782,41.46994618956721],[2.23117241440743,41.469921118017417],[2.231167638558229,41.469898630588972],[2.231163655452365,41.469882021298922],[2.231159426663624,41.469867959467202],[2.231154597969845,41.469853992706838],[2.231147545812786,41.46983259797441],[2.23114491169353,41.469825464502442],[2.231140334844058,41.469819570075835],[2.231132759907999,41.469813016080927],[2.231115482424622,41.469800578431098],[2.231104229725108,41.469793117121654],[2.231081443909881,41.469778615973752],[2.231066758271356,41.46976979861244],[2.231055505582784,41.469762337298214],[2.231032719789162,41.469747836140662],[2.231017710057781,41.469738070826814],[2.23100933522738,41.469732322143919],[2.231000027074888,41.469725495337023],[2.230983012293552,41.469712113643951],[2.230966564483625,41.469698384449629],[2.23095586139537,41.469689008219035],[2.23094184599009,41.469676178012094],[2.230927603241736,41.46966231943702],[2.230914225658458,41.46964821443725],[2.230905776593052,41.46963861908052],[2.230895117523403,41.469625523072672],[2.230889316333648,41.469617845986562],[2.230882967358253,41.469608895190554],[2.230876049951225,41.469598391316346],[2.230868604085877,41.469585992348897],[2.230863543116532,41.469576482696901],[2.230859261353393,41.469566906195844],[2.230856870433414,41.469560476922155],[2.2308543257841,41.469551857816462],[2.230852295855157,41.469541233497281],[2.230851635279389,41.469527222536399],[2.230853521334579,41.469492304360067],[2.230855551083057,41.469457387144381],[2.230857922568714,41.469431038273626],[2.230858158168137,41.469422257610994],[2.230857135602299,41.469411513923973],[2.230855147628116,41.46940442980268],[2.230852078955273,41.469397590662403],[2.230838760449264,41.46937546043354],[2.230817160684399,41.469330567107775],[2.23079842350979,41.469290701049026],[2.230785443898064,41.469264222494097],[2.230779134542366,41.469252939033844],[2.230771934913413,41.469242000908807],[2.23076748140026,41.469235810046477],[2.230761116520533,41.469226183579892],[2.230755847631504,41.469219068506689],[2.230748365495632,41.469209740819572],[2.230737731901137,41.469197536701337],[2.230722724977774,41.469181475177081],[2.230716796681921,41.469175436582638],[2.230710734642135,41.469169568234463],[2.230698174366002,41.469158260975959],[2.230689482252526,41.469150996899572],[2.230677498546616,41.469141567039358],[2.230660817924347,41.469129313459945],[2.230650912124514,41.469122401559495],[2.230639269442835,41.469114514245916],[2.230628262307035,41.469107567954389],[2.230616937440451,41.469101159981925],[2.230609200652311,41.469097162977299],[2.230598697489529,41.469092156650319],[2.23058437568376,41.469086007857278],[2.230576043619501,41.469082727462279],[2.230566397445083,41.469079177060493],[2.230555233806481,41.469075337276372],[2.230541764978254,41.469071995493103],[2.230530679375928,41.469070669300045],[2.230517076488465,41.469070560282375],[2.230505002330927,41.469071812604149],[2.23048780675762,41.469074742071747],[2.224642068478131,41.466511881791284],[2.221694672629919,41.465219513186661],[2.221479575276009,41.465068621256123],[2.221128803098197,41.4652257872715],[2.220291896712475,41.465710074197801],[2.218725311067113,41.466791473683244],[2.217446476683569,41.467360766303834],[2.216726984691851,41.467770747310645],[2.216218402750689,41.468060541651042],[2.215012331129781,41.468791745827538],[2.214320896798761,41.469168993958149],[2.213502177313477,41.469679947654882],[2.213500053720619,41.4696811490466],[2.212862707003927,41.470041716262408],[2.211486026063454,41.470902091420896],[2.211469099269268,41.470911512029545],[2.211470708521955,41.470911664101337],[2.211465271855523,41.470915061738793],[2.211481889860218,41.470912720719312],[2.212542989392559,41.47101298776623],[2.213467066146278,41.471271752633179],[2.213996264270742,41.471728885034814],[2.214281137159368,41.472162953567889],[2.214654115279436,41.472366591551342],[2.215082440380193,41.472698952793849],[2.215125506750717,41.472900337392105],[2.215286747759271,41.47320948238567],[2.215634361695952,41.473631139871678],[2.216129452087765,41.47408802960738],[2.216734927120156,41.47482804249438],[2.217268330385612,41.475884181387052],[2.217282975115189,41.476085353621563],[2.217155818663433,41.476251350670402],[2.217035380638182,41.476331822847918],[2.216259549609978,41.476981144133489],[2.21578364144094,41.477290223577207],[2.214865358351263,41.477485040730066],[2.214081580939542,41.477377003571767],[2.212747618838431,41.477603200069069],[2.211919198261319,41.480055443401049],[2.212050996996136,41.480156382651813],[2.211928452861614,41.480511200798972],[2.212103904519906,41.480668005771889],[2.212573717431576,41.480926862254705],[2.213134888739817,41.480964047910135],[2.213486620080588,41.481210968655994],[2.215011506238374,41.483444287518303],[2.215358952430428,41.484046839568698],[2.21623095851279,41.485275377504692],[2.215545761381919,41.486937877785898],[2.21644884470994,41.488044367878317],[2.216458334896564,41.488046653559785],[2.216460476766278,41.488044330016024],[2.218011175207248,41.488207071352548],[2.218886997766477,41.488669426822355],[2.219878657961701,41.489272599202494],[2.220407223438587,41.489301016039967],[2.220696014787031,41.489306323646019],[2.221029639550655,41.489351008223288],[2.221324183792753,41.48952803416487],[2.221758763908272,41.48969736875037],[2.222199419005392,41.489866769783454],[2.222770749065357,41.490040823156981],[2.222780854356842,41.490043470614026],[2.222781317561153,41.490044042770641],[2.222782854444947,41.490044510970748],[2.222975815100281,41.490284287875028],[2.22357752362537,41.491027510383923],[2.22384666537437,41.491314449179235],[2.224087157764158,41.491612207610373],[2.22451880544857,41.492088204524663],[2.224834515184009,41.492427938410408],[2.224971551742886,41.492417926801622],[2.225710757878832,41.49225167433346],[2.225923420015428,41.492245724314287],[2.226223146967115,41.492191234720138],[2.226397008095723,41.492148950411156],[2.227168120882205,41.491905205407143],[2.227809824225545,41.491747084570981],[2.228163012957568,41.491725576329706],[2.229513620583167,41.49217447045379],[2.230133171261459,41.492373151096466],[2.230449568557118,41.492522917285633],[2.230999772660894,41.492535487036847],[2.231638266805348,41.4925421045589],[2.232419583366676,41.492404753462075],[2.232477571384938,41.492394334203397],[2.233329991617289,41.492184251238314],[2.234047080104555,41.492058916539854],[2.234917041403305,41.491891665023033]]]]}},
{"type":"Feature","properties":{"gml_id":"barris.2","barris_id":2.0,"nom":"POMAR DE DALT                 ","nom_min":"Pomar de Dalt                 "},"geometry":{"type":"MultiPolygon","coordinates":[[[[2.243261532966606,41.49035469878477],[2.243267681028443,41.490354688109903],[2.243273828400757,41.490354758114606],[2.243279973210999,41.49035490877754],[2.243286113587464,41.490355140052742],[2.243292247659725,41.490355451869839],[2.24329837355929,41.490355844133859],[2.243304489420254,41.490356316725233],[2.243310593379606,41.490356869500054],[2.243316683578068,41.490357502289967],[2.243322758160546,41.490358214902201],[2.243328815276653,41.490359007119665],[2.243334853081389,41.490359878701085],[2.243340869735571,41.490360829380954],[2.243346863406534,41.490361858869697],[2.243352832268495,41.490362966853695],[2.243358774503369,41.49036415299549],[2.243364688301056,41.490365416933741],[2.243370571860246,41.490366758283486],[2.243376423388695,41.490368176636096],[2.243382241104057,41.490369671559598],[2.243388023234176,41.490371242598556],[2.243393768017756,41.490372889274468],[2.243399473704957,41.490374611085684],[2.243405138557739,41.490376407507846],[2.243410760850557,41.490378277993607],[2.243416338870846,41.490380221973304],[2.243421870919485,41.490382238854806],[2.243427355311372,41.490384328023666],[2.243432790375916,41.490386488843605],[2.243438174457552,41.49038872065632],[2.243443505916305,41.490391022782084],[2.243448783128092,41.490393394519579],[2.243454004485465,41.490395835146501],[2.243459168397964,41.490398343919246],[2.243464273292621,41.490400920073668],[2.243469317614455,41.49040356282508],[2.243474299826883,41.490406271368464],[2.24347921841232,41.490409044878874],[2.243486543486886,41.490413367395888],[2.243635050725437,41.49047156637414],[2.243637363392279,41.490472453479995],[2.243639696297863,41.490473310102495],[2.243642048731621,41.490474135980769],[2.2436444199769,41.490474930863215],[2.243646809311487,41.490475694507644],[2.243649216007476,41.49047642668156],[2.24365163933181,41.49047712716186],[2.243654078546317,41.490477795735153],[2.243656532907952,41.490478432197882],[2.243659001669137,41.490479036356064],[2.243661484077823,41.490479608025709],[2.24366397937786,41.490480147032692],[2.24366648680914,41.490480653212835],[2.2436690056079,41.490481126411886],[2.243671535006826,41.490481566485762],[2.243674074235509,41.490481973300426],[2.243676622520406,41.490482346731874],[2.243677076161018,41.490482407050393],[2.243677219692755,41.490482355202047],[2.243806757244993,41.490460875887798],[2.24406971388146,41.490377495992114],[2.24407965020623,41.490374421818693],[2.244089656369672,41.490371478501942],[2.244099729323856,41.49036866693848],[2.24410986600055,41.49036598798471],[2.244120063312021,41.490363442456655],[2.24413031815218,41.490361031129666],[2.244140627397351,41.490358754738274],[2.244150987907234,41.490356613975813],[2.24416139652606,41.490354609494467],[2.244171850083312,41.490352741904701],[2.244182345394759,41.490351011775473],[2.244192879263505,41.490349419633723],[2.244203448480913,41.490347965964418],[2.244214049827528,41.490346651210437],[2.244224680074213,41.490345475772237],[2.244235335982876,41.49034444000776],[2.244246014307751,41.490343544232644],[2.244256711796152,41.490342788719644],[2.24426742518961,41.490342173698885],[2.244278151224773,41.490341699357828],[2.244288886634454,41.49034136584082],[2.244299628148636,41.490341173249483],[2.244310372495413,41.490341121642551],[2.244321116402021,41.490341211035712],[2.244331856595803,41.490341441401704],[2.244342589805294,41.490341812670351],[2.2443533127611,41.490342324728601],[2.244364022197014,41.490342977420482],[2.244374714850866,41.490343770547184],[2.244385387465679,41.490344703867059],[2.244396036790478,41.490345777095875],[2.244416088476711,41.4903481863455],[2.24448921630107,41.490347711057076],[2.244606748186179,41.490328221562386],[2.244884672439713,41.49037342587588],[2.244922637479576,41.490383319073608],[2.244996835729995,41.490387033675432],[2.245137913973929,41.490415986798197],[2.245214936014196,41.490405910712845],[2.245462574183799,41.490358487590854],[2.245466779957649,41.490357652720093],[2.245470965713334,41.490356762786043],[2.245475130175864,41.490355818059697],[2.24547927207665,41.490354818828919],[2.245483390154004,41.490353765398069],[2.245487483153559,41.490352658087978],[2.24549154982853,41.490351497235991],[2.245495588940134,41.490350283195681],[2.245499599258035,41.4903490163369],[2.245503579560636,41.490347697045578],[2.24550752863547,41.490346325723529],[2.245511445279616,41.490344902788443],[2.245515328300056,41.490343428673825],[2.24551917651392,41.490341903828686],[2.245522988749042,41.490340328717537],[2.245526763844163,41.490338703820164],[2.2455305006493,41.490337029631519],[2.24553419802623,41.490335306661564],[2.245537854848673,41.490333535435163],[2.245541470002736,41.490331716491838],[2.245545042387215,41.490329850385685],[2.245548570913874,41.490327937685159],[2.245552054507924,41.490325978972827],[2.245555492108202,41.490323974845325],[2.2455588826676,41.490321925913236],[2.245562225153297,41.490319832800573],[2.245565518547183,41.490317696144984],[2.245568761846003,41.490315516597384],[2.245571954061821,41.490313294821568],[2.245575094222279,41.490311031494301],[2.245578181370852,41.490308727305155],[2.245581214567156,41.4903063829559],[2.245584192887269,41.490303999160716],[2.24558711542392,41.490301576645727],[2.245589981286908,41.490299116148812],[2.245592789603273,41.490296618419528],[2.24559553951755,41.49029408421864],[2.245598230192144,41.490291514318137],[2.245600860807379,41.49028890950084],[2.245603430562019,41.490286270560183],[2.24560593867324,41.490283598300074],[2.245608384377044,41.490280893534454],[2.245611142641369,41.490277715883586],[2.245749741932218,41.490118635728216],[2.245868178065501,41.490017045730909],[2.245964211586277,41.489910237376634],[2.246040112168683,41.489797458104668],[2.246073542957762,41.489728776893472],[2.246101297536537,41.489626783701922],[2.246105435190957,41.489538057908838],[2.246118394517278,41.489492598487999],[2.246150284552141,41.4894390965569],[2.246160082176608,41.489381930616361],[2.24615465709699,41.489260743668993],[2.24615464738723,41.489260526769542],[2.246153911549787,41.48924408944869],[2.246158807923943,41.4891226831121],[2.246162700861863,41.489026156739108],[2.246161864992523,41.488964257857909],[2.246190444080855,41.488911894007394],[2.2462071199675,41.48889056030054],[2.2462204141702,41.48887355281979],[2.246224280658481,41.488808181210779],[2.246228431311829,41.488718287740596],[2.246270399911938,41.488654552432756],[2.246318666552145,41.488581252476614],[2.247154180462843,41.488586723703925],[2.247216575989911,41.486850736764069],[2.247289194643228,41.486056830442635],[2.247381267623552,41.485813158443875],[2.247449935113679,41.485631428028114],[2.247482896599648,41.485424876877843],[2.247495523821814,41.485345748789435],[2.248334326272531,41.484715727869428],[2.24897098497537,41.484023029725662],[2.249013751945102,41.48403961472318],[2.250815662927719,41.482081863996513],[2.249747361649787,41.481271873441848],[2.249750770840258,41.481225570620246],[2.249766749675052,41.48117987221034],[2.24979997543701,41.481123882735638],[2.24993465707676,41.480963708728872],[2.250270907981851,41.480109116888968],[2.250316421621291,41.479859998580231],[2.250292141876562,41.479763551207483],[2.250216168134889,41.47966289369549],[2.249965236926837,41.479414094633036],[2.249741669279696,41.479171058080951],[2.24951995225279,41.478954604995295],[2.249259658240482,41.478832477436356],[2.249014067546117,41.478650726191546],[2.248815605767308,41.478495133454111],[2.248709734522364,41.478390856850694],[2.248295526577402,41.478021098941745],[2.248350257629035,41.477961913029233],[2.248386865698365,41.477901484516295],[2.248413103060745,41.477834124835006],[2.248495051620327,41.477696938070814],[2.248502644678555,41.477672080473035],[2.248512787096612,41.477637349904249],[2.24851168177825,41.477606574957427],[2.248532152934764,41.477563121087776],[2.248760003053263,41.477359857536342],[2.248964592765871,41.476977695808124],[2.248994748079865,41.476896944269825],[2.248975991334798,41.476792065011551],[2.248990190163316,41.476743442146699],[2.248998485015171,41.47661566371201],[2.248963217285888,41.47654877002487],[2.248977992279552,41.476534581477594],[2.248955851398508,41.476343237438705],[2.24876413905339,41.476201333011737],[2.248725127940727,41.476155763220412],[2.248693604585277,41.476067545476916],[2.248611135228913,41.476000881132968],[2.248600911733109,41.475820197792629],[2.24855236000504,41.475726780039025],[2.248482054900609,41.475611935629999],[2.248496589108914,41.475463237198547],[2.248509047199005,41.475336647395189],[2.249944347535154,41.475016551776811],[2.25000664904632,41.474813165378769],[2.250185334802938,41.474496891193454],[2.250362513646857,41.474184435045466],[2.250440447433727,41.474048111359558],[2.250492206045122,41.473955969551156],[2.250532981610244,41.473888805765583],[2.250547871116353,41.473863627986418],[2.250563643266834,41.473838762208146],[2.250580262134391,41.473814208196337],[2.250597739486184,41.473789984042064],[2.250616051059064,41.47376611660917],[2.250635184773125,41.473742614825909],[2.250655128444735,41.47371949662741],[2.250675869994045,41.473696770941892],[2.250697397133727,41.473674464711138],[2.250719685808699,41.473652586785434],[2.250742735810994,41.473631155177827],[2.250766523085637,41.473610178738568],[2.250779052869246,41.473599568556985],[2.250943861404298,41.473475709152886],[2.251308294871897,41.473221469709401],[2.251681483977528,41.472963773178577],[2.252344646662102,41.472509509343183],[2.252316258464377,41.472413080607822],[2.252233372073852,41.472145462981359],[2.252213810697121,41.472140642947089],[2.252053153094344,41.472100956554343],[2.25202581072412,41.47209479783043],[2.252000875265551,41.472088663759884],[2.251928640885381,41.472070512436019],[2.251856652372087,41.472051813213675],[2.251713068732322,41.472013543473423],[2.251693940924995,41.472008519000546],[2.25167481312067,41.472003494524486],[2.251634434134074,41.471992720161857],[2.251594165529569,41.471981721317846],[2.251513874086747,41.471959184741827],[2.25135369598791,41.471913294381039],[2.251284474857934,41.471893504899562],[2.25121532707363,41.471873589749919],[2.251142547667645,41.47185184943185],[2.251069964374379,41.471829723025614],[2.250972040409368,41.471799234809033],[2.250874373411168,41.471768279796841],[2.25078712901249,41.47174014886005],[2.250700080443894,41.471711658835922],[2.250618000199208,41.471684363071617],[2.250577094372681,41.471670495360677],[2.250536286337254,41.471656457131509],[2.250498737965626,41.471643268810546],[2.250442586151525,41.471623221699957],[2.250386397823888,41.471603228368309],[2.250313979927821,41.471578229195536],[2.250277728309051,41.471565796869456],[2.250241574478399,41.471553194028438],[2.250219045187415,41.471545102630728],[2.250179932441839,41.471530498850868],[2.250150805132278,41.471519229846969],[2.250107400379897,41.471501913851995],[2.250053122348501,41.471482446233715],[2.249946403919769,41.471440982812005],[2.249823769492155,41.471392263598979],[2.249704181003561,41.471345284539687],[2.249580032311094,41.471293943036954],[2.249461346552838,41.47124556445641],[2.249356021259342,41.471199677925632],[2.249292833684503,41.471172945868709],[2.249253156113712,41.47115543769754],[2.249213060791803,41.47113780968931],[2.249147825380573,41.471109010494317],[2.249082821089022,41.47107990651876],[2.249020338373714,41.471051269340542],[2.248958074280471,41.471022372340627],[2.248883279489288,41.470987601710142],[2.248808666900293,41.470952616042609],[2.248746495042851,41.470923007943703],[2.248684517443407,41.470893175894439],[2.248632450068131,41.470867993324823],[2.248328167844925,41.470711582066293],[2.248264129920475,41.470677682986612],[2.248206582450729,41.470646933852521],[2.248150823457612,41.470616871936279],[2.248095246431105,41.470586613019087],[2.248047408023221,41.470560304878134],[2.247999715123647,41.470533844542331],[2.247932141339062,41.470496094006393],[2.247864894601201,41.470458030309317],[2.247805481651652,41.470423972059216],[2.247746081051848,41.4703898868366],[2.247679516577802,41.470351872529172],[2.247613036839339,41.470313786677799],[2.247582299935624,41.470295777949104],[2.247536691052563,41.470268295199084],[2.247491251732013,41.470240651406492],[2.247431529320435,41.470204393126537],[2.247371903608018,41.470168063388648],[2.247308809369293,41.47012928792612],[2.247246114753787,41.470090136732409],[2.247201415320594,41.470061705013386],[2.247134910845392,41.470018565559066],[2.247068974800814,41.469974952393613],[2.246995343976873,41.469925695207863],[2.246921918817306,41.469876268179917],[2.246864134011424,41.469837175943624],[2.246806530669805,41.469797931740104],[2.246741626903574,41.469753118150017],[2.246677097991237,41.46970800072566],[2.246621672604863,41.469668914811329],[2.246566464917171,41.469629650147546],[2.246531416472729,41.46960448802367],[2.246496573399715,41.469579174108233],[2.246471186634444,41.469560443504697],[2.246446005123753,41.469541570121521],[2.246298505191572,41.469432793881225],[2.246163688926921,41.469329090688063],[2.24601595986032,41.469216403357599],[2.245769738450784,41.469021660961381],[2.245588724636701,41.468877517073452],[2.245368870552214,41.468701790266145],[2.245077845464064,41.468465408339412],[2.244804740061928,41.468247374342084],[2.244476099432133,41.467992882164751],[2.24423034209815,41.467807426113268],[2.244057185893948,41.467680184288902],[2.243867852125004,41.467543648278379],[2.243543890841108,41.467317818751873],[2.242950726472194,41.467596316826821],[2.2429215357706,41.467611320213813],[2.2428673026717,41.467639877055163],[2.242813578024071,41.46766898667093],[2.242760361722112,41.467698658068514],[2.242702276910561,41.467731972415272],[2.242664608042442,41.467754134861117],[2.24262754344145,41.467776850726388],[2.242591095186523,41.467800111083697],[2.242555275356689,41.467823907005823],[2.242520096030987,41.467848229565398],[2.24248558115805,41.467873078920832],[2.242451731052566,41.467898428052393],[2.242418569663315,41.467924277118485],[2.242386109174594,41.467950608185106],[2.242354349586482,41.467977421252833],[2.242323327032259,41.468004698545357],[2.242306187928146,41.468020321609202],[2.24228631311656,41.468039484580324],[2.242267199617185,41.468059084919695],[2.242248859719596,41.468079095686392],[2.242231329452406,41.468099508110697],[2.242214609025956,41.468120304179557],[2.242198710730062,41.468141456951997],[2.242183658724014,41.468162948572676],[2.242169464982887,41.468184779120826],[2.242156130032179,41.468206903563122],[2.242143677821397,41.468229322057653],[2.242132120640738,41.468252007663445],[2.242121446726448,41.468274942288353],[2.242111692212685,41.468298108155913],[2.242102857520225,41.46832146923942],[2.242094942545018,41.468345034545841],[2.242088217247264,41.468370301086267],[2.242081921432658,41.468392625029232],[2.242070659084671,41.468441380050365],[2.242062741529789,41.468478519522002],[2.242059242686044,41.468501294250672],[2.242056130520705,41.468529935358845],[2.242055426874165,41.468552287143034],[2.24205563317335,41.468572600238637],[2.242057005667896,41.468601766307202],[2.242059220767207,41.468626452232122],[2.242062394774202,41.468651063408934],[2.242066503845948,41.468675590673087],[2.242071560272954,41.468700007083136],[2.242077552291711,41.468724294546632],[2.242085992188282,41.46875330001388],[2.242095475737025,41.468777015993574],[2.242105860007916,41.468800512721891],[2.24211714531683,41.468823763178527],[2.24212931989999,41.468846749270725],[2.242142359914096,41.468869461833762],[2.242156289728871,41.468891864998177],[2.242171061446858,41.468913958448155],[2.242186675383616,41.468935715163092],[2.242203119880112,41.468957108043639],[2.242220382962312,41.468978137010538],[2.242238453075985,41.468998765957608],[2.242257306272474,41.469018994726696],[2.242276335119564,41.469040593777713],[2.242291418826607,41.469056474146349],[2.242309276343356,41.469072742089658],[2.242336527278133,41.469096836304132],[2.242350436517642,41.469108682611193],[2.24236459890805,41.469120386465242],[2.242389905022105,41.469140783821118],[2.242428293099581,41.469171058402083],[2.242467261031294,41.469200904432853],[2.242527378262127,41.469246130288248],[2.242557630339081,41.469268586848152],[2.242588148187115,41.469290846986809],[2.242650261034075,41.469335428376475],[2.242712361886491,41.469380018660544],[2.24279894552095,41.469442721877193],[2.242885541401619,41.469505416100795],[2.242926231770362,41.46953444462865],[2.242987630145157,41.469577688032423],[2.243018226529641,41.469599399119446],[2.24304859331806,41.469621288835604],[2.243136093695049,41.469685538096321],[2.243223316309918,41.469750001639987],[2.243284772177265,41.469795542152923],[2.243346107230095,41.469841180919332],[2.243367973303682,41.469857772309901],[2.243384113260517,41.46987039879442],[2.243407984979903,41.469889588500038],[2.243431518276127,41.469909046197017],[2.243451769191999,41.469926536696697],[2.243466535256501,41.469939910755912],[2.243488213890561,41.46996026599156],[2.24350957857436,41.469980844343695],[2.243529269395752,41.470000159651711],[2.243543757481708,41.470014783903785],[2.243564911218458,41.470037027230532],[2.243575186731861,41.470048318051539],[2.243585232946633,41.470059760489789],[2.24359442337261,41.470070647846619],[2.24360988714731,41.470089935342102],[2.243621057836107,41.470104573798103],[2.243637350386908,41.470126740106494],[2.243653317533691,41.470149084421053],[2.243668230040396,41.470170467011982],[2.243679072018633,41.470186598532138],[2.243694715516952,41.47021103043361],[2.243702236171532,41.470223393026195],[2.243709516075484,41.470235862124177],[2.24371549813498,41.470246656315645],[2.243720477319038,41.470256155851843],[2.243728617446927,41.47027291813599],[2.243734278246216,41.470285592764554],[2.243742114778347,41.470304776047101],[2.243749230311056,41.470324170766538],[2.243755096211415,41.470341863874658],[2.243759132980974,41.470355167350739],[2.243764612403304,41.470375199846004],[2.243769431641267,41.470395363111642],[2.243773393585089,41.470414070546255],[2.243776080484641,41.470428112762313],[2.243779595341311,41.470449222237782],[2.243782390451783,41.47047043507002],[2.243784388381716,41.470491201297499],[2.243785440661614,41.470506782042065],[2.243786282680446,41.470530143813569],[2.243786274588743,41.470553490988408],[2.243785553210365,41.470575356257037],[2.243784596153976,41.470591743465839],[2.243782525794912,41.470616329112907],[2.243779701016371,41.470640909799862],[2.243776636327409,41.47066243539458],[2.243773982184841,41.470678523207887],[2.243769355162054,41.470702578622259],[2.243763890416441,41.470726583491384],[2.24375670832147,41.470754089961922],[2.243750793139751,41.470774605998024],[2.24374604009676,41.470789932394624],[2.243738372651989,41.470812832882054],[2.243730035653817,41.470835638892396],[2.243719644534885,41.470862070392641],[2.243711511109399,41.470881788195683],[2.243686640453908,41.470935047656937],[2.243675898299677,41.470959738413029],[2.243662336591555,41.470988995403218],[2.24364982131747,41.471014773402182],[2.243640196325433,41.471034022013207],[2.243625299362281,41.471062756795497],[2.243609769598701,41.471091325280838],[2.243502916563709,41.47128312006911],[2.243396127617238,41.471471411289514],[2.243264010288723,41.471706905774759],[2.243133712149221,41.471939331535026],[2.243074653372783,41.472038501871175],[2.243057558015743,41.472064691024919],[2.243040140679056,41.472090760960718],[2.243020195686125,41.472119975861794],[2.243014443573992,41.472128513065861],[2.242999642668709,41.472148952564815],[2.242985527255807,41.472168117520354],[2.242979253261659,41.472176218931899],[2.242972705410295,41.472184183429398],[2.242958954424583,41.47219981987309],[2.242949469542167,41.472210088951741],[2.242933816294031,41.472226586591326],[2.24291768738721,41.472242792860641],[2.242906534166098,41.472253375221541],[2.242886030982909,41.472271894622082],[2.242865135439077,41.472290168236007],[2.242842430702777,41.472309537848751],[2.242819262487019,41.472328598153815],[2.242811140257562,41.472334975980168],[2.242802839972141,41.472341217522626],[2.242785753029259,41.472353301077383],[2.242774021238966,41.472361114339826],[2.242761038255068,41.472369414771769],[2.242728270527139,41.472390069224595],[2.242703525554953,41.472404660454501],[2.242682163427498,41.472416715846158],[2.242660529324799,41.472428472198416],[2.242645913053744,41.472436131344111],[2.242625230108028,41.47244642574374],[2.242604157535022,41.472456240181018],[2.242589904167408,41.472462559604374],[2.242568926428719,41.472471428881043],[2.242547725457632,41.472479927379766],[2.24253344601819,41.472485399927329],[2.24251421410503,41.472492443178204],[2.242490141165308,41.472500742604375],[2.242465798666543,41.472508535834962],[2.242449405476381,41.472513490035574],[2.242427162820768,41.472519909945831],[2.242404780341551,41.47252599565644],[2.242389753463427,41.472529832920905],[2.242369554028607,41.472534599906155],[2.242350571436742,41.472538744384089],[2.24233153138065,41.472542681309847],[2.242293301252235,41.472550067763265],[2.242267690048735,41.472554709006246],[2.242242777079565,41.472559039583935],[2.242217772294689,41.472563027269544],[2.242201002675559,41.472565339782065],[2.242174295086288,41.472568487557375],[2.242147509337571,41.472571148411063],[2.242129611306273,41.47257266082574],[2.242079266174029,41.472576544564561],[2.242028877230534,41.472580076703402],[2.24198655769837,41.472582797287387],[2.241944228078086,41.472585355655909],[2.241867638141843,41.47258966982838],[2.241791048091165,41.472593992956547],[2.241726729500804,41.472597640310269],[2.241662422668888,41.472601305720438],[2.241604981740775,41.472604665075878],[2.241547551626518,41.47260812355556],[2.24137103313578,41.472620596685871],[2.241197035137478,41.472635671301511],[2.241008688435937,41.472657001200602],[2.240878312050231,41.472676812834337],[2.240710969983731,41.472708513295146],[2.24058628373626,41.472735360922002],[2.240439300389529,41.472772230546688],[2.240409900513816,41.472780287190069],[2.240365958564293,41.472792697450537],[2.24032223918184,41.472805532512773],[2.240271534723131,41.472818618666281],[2.240244019742608,41.472827300221411],[2.24021987938703,41.472835184386341],[2.24013925019155,41.472862286510946],[2.240073615598977,41.472884227315618],[2.240032359190832,41.472898429652346],[2.239952619458666,41.472926267123668],[2.239901986238619,41.472947586362984],[2.23984778017753,41.472971286947953],[2.239793986683136,41.472995548693902],[2.23974061772978,41.473020371680519],[2.239707498341227,41.473036167951697],[2.23967892551528,41.473050291865675],[2.239611275823422,41.473083730563225],[2.239567459949396,41.473106833154382],[2.239524200142074,41.473130515879845],[2.239481520456878,41.473154769891913],[2.239439420998723,41.473179586184521],[2.239397925823225,41.473204955909914],[2.239363090815399,41.473227136001874],[2.239318190458568,41.473255905997839],[2.239302664041397,41.473265558345837],[2.23928833638074,41.473276137376224],[2.239266691678151,41.473291793230871],[2.239256059558588,41.473299739511241],[2.239245688364874,41.473307903694362],[2.23922861325255,41.473321968430163],[2.239203392700695,41.473343329337709],[2.239178718783174,41.473365054152026],[2.239150079673789,41.473390959195001],[2.239136081284827,41.473404098490271],[2.239122511157771,41.473417483816995],[2.239098945329703,41.473441738020362],[2.239075451020099,41.473466019714174],[2.239049990154672,41.473491531416357],[2.239037313129329,41.473504328151996],[2.239025005016975,41.473517325490022],[2.239012893101396,41.473530954643813],[2.238995404021101,41.47355172713003],[2.238978105481825,41.473572590948343],[2.238955015790283,41.473600153993303],[2.238932045306071,41.473627762859365],[2.238918254651984,41.473644632572061],[2.238898027444278,41.473670133833011],[2.238861285149322,41.473711973345395],[2.238856421157734,41.473718246349051],[2.238843063326876,41.47373599263593],[2.23881693159271,41.473771732269284],[2.238788983637386,41.473810180116196],[2.238761333664331,41.473848747024583],[2.238743484491719,41.473874687344455],[2.238721709648668,41.47390756441078],[2.238700340473074,41.473940570261682],[2.238658293470311,41.474006856749654],[2.23861413311263,41.474077695991454],[2.238569936942473,41.474148516963709],[2.238554554669614,41.474172419893293],[2.238538862393209,41.474196203672093],[2.238507346496925,41.474243734323849],[2.238486912194347,41.474275638410909],[2.238468818377632,41.474305062936217],[2.238451070463702,41.474334606845161],[2.238416183019308,41.474393896845761],[2.23837446161208,41.474466076230371],[2.238333336569194,41.474538457711311],[2.238322129911799,41.474558614152592],[2.238311185866186,41.474578844391061],[2.238289977830817,41.47461952554621],[2.238276208821602,41.474646780870863],[2.238264869067618,41.474670116041786],[2.238254150559785,41.47469358142957],[2.238247343137313,41.474709317335062],[2.238238688652041,41.474730391411086],[2.238227937504429,41.474758684553613],[2.23822218977806,41.474774949905566],[2.238215995987537,41.474793509193326],[2.238210113137793,41.474812106569694],[2.238199064911061,41.474849396147363],[2.238192077839063,41.474874327428232],[2.238182980478916,41.47490763964074],[2.238176592656513,41.474931512014642],[2.238170563993638,41.474955395774266],[2.238166843711207,41.474971368299222],[2.238162377376077,41.474992749337865],[2.238160149422902,41.47500503870743],[2.238158441863573,41.475015845300561],[2.238157021719918,41.475026653797293],[2.238154911630862,41.475048302649348],[2.238153999722922,41.475062753507075],[2.23815331865341,41.475082033866897],[2.238153185163848,41.475107731131473],[2.238153993493119,41.475141973661238],[2.238155266476527,41.475170292390928],[2.238157138351787,41.47519860607963],[2.238158785530159,41.475217478511588],[2.238161520782083,41.475242636316707],[2.238165157372221,41.475269574551703],[2.238169465872485,41.475296409147788],[2.238172717861485,41.475314265363274],[2.238177505040958,41.475338067631256],[2.238182434780483,41.47535992524211],[2.238188036642427,41.475381661200387],[2.23819226328004,41.475396065023922],[2.238198602537968,41.475415175700945],[2.238202643121788,41.475426038378743],[2.23820917036826,41.475442394031965],[2.238215986302645,41.475458643507835],[2.238230327495605,41.475490912963103],[2.238240316630448,41.475512326684907],[2.238253959571601,41.47554081740693],[2.238274475999705,41.475582693623217],[2.238281655359923,41.475596549529861],[2.238291716548775,41.475614883189017],[2.238297798742681,41.47562527298269],[2.238304240212182,41.475635665155238],[2.238310946417498,41.475645950991485],[2.238324996823052,41.475666247657742],[2.2383346966079,41.475679651865413],[2.238347817879404,41.475697474345367],[2.238363202949023,41.475718347311414],[2.23837876893187,41.475739113384321],[2.238389447272538,41.475752821311175],[2.238404266922996,41.475770844185597],[2.238413118728075,41.475780982088637],[2.238425889579675,41.475794983096534],[2.238438913722783,41.475808832654053],[2.238465589305599,41.47583614859883],[2.238483714746621,41.475854157319553],[2.238508142864832,41.475878053573261],[2.238554230990768,41.475922909338827],[2.238569867346303,41.475937676914754],[2.238591246320389,41.475957067274798],[2.238612041494906,41.475975174713994],[2.238633053828715,41.475993148475567],[2.238675223718244,41.476028970844432],[2.238703099544427,41.476053015979346],[2.238743716022896,41.476088539803968],[2.238784079048138,41.476124233077421],[2.238837530668335,41.476172380125369],[2.238890403305958,41.476220883613216],[2.238941561403982,41.476268529035295],[2.238955219675455,41.476281427942915],[2.238982470871929,41.476307693706204],[2.238992586576217,41.476316281643555],[2.23901228725649,41.476333778270984],[2.239025131342606,41.476345635931281],[2.239041999378617,41.476361609575683],[2.239064264763103,41.476383059399602],[2.239092340233348,41.476410537582161],[2.23911989780993,41.476438264539361],[2.239137980079846,41.476456921402352],[2.239161747624284,41.476482038151985],[2.239177757699117,41.476499690486605],[2.2391931297892,41.476517617828783],[2.239203060730178,41.476529717415062],[2.239215960598596,41.476546025083152],[2.239232589600433,41.476568104141968],[2.23924490230447,41.476585461790123],[2.239256542041782,41.476603013149152],[2.23926394923982,41.4766148258161],[2.239273416568151,41.476630723456907],[2.239285393912176,41.476652177254145],[2.239291943975108,41.476664569732172],[2.239302913978452,41.476686133961756],[2.239313223623202,41.47670783794166],[2.239319700286124,41.47672240972571],[2.239327819046448,41.476741991481369],[2.239337001620763,41.476765849783732],[2.239345536338188,41.476789802882443],[2.239350821977308,41.476805853010909],[2.239357265302344,41.476827369285061],[2.239365521401976,41.476857733815308],[2.239373153912853,41.476888166280432],[2.239377850267592,41.476908518052369],[2.239386072295924,41.476945890120007],[2.239393730721786,41.476983321511788],[2.239398204832598,41.477008337651029],[2.239406668177694,41.4770629605012],[2.239414783914263,41.477117608073947],[2.239420550089026,41.477154009113185],[2.239433847877437,41.477232542568437],[2.23944697792577,41.477311083919297],[2.239457760783585,41.477378341479401],[2.239468507628861,41.477445607806935],[2.239480529711535,41.477519557054109],[2.239492743649424,41.477593489552739],[2.23949725952393,41.477619037398561],[2.239502194988981,41.477644551988618],[2.239512629653224,41.477695512835645],[2.239518951373864,41.477725387168078],[2.239525776942677,41.477755192771902],[2.239530731120596,41.477775014801857],[2.239537956343584,41.477801373209559],[2.239543201507162,41.477818846229013],[2.239548782849969,41.477836249411432],[2.239560701941722,41.477870898642692],[2.2395690681956,41.477893913835636],[2.239580531196289,41.477924551752629],[2.239592676394922,41.477956257052305],[2.239605254118925,41.477987848113528],[2.239613931328635,41.478008856706381],[2.23962637743953,41.478037366361427],[2.239639604545263,41.47806566499986],[2.239648822883689,41.478084443329699],[2.239655860248985,41.478098199123281],[2.239663138195733,41.478111866432627],[2.239678379378502,41.478138980394363],[2.239688996781775,41.478156930279717],[2.239706272264202,41.478184201802684],[2.23972386061874,41.478211349287179],[2.239735866871851,41.47822934437734],[2.239752344401082,41.478253160781847],[2.239787177948255,41.478301985968777],[2.239822288476613,41.478350686871522],[2.23985379719272,41.478393986538286],[2.239885281892446,41.478437295044685],[2.239902768035188,41.478461928758342],[2.239919869263787,41.478486704044244],[2.239953409691478,41.478536538470465],[2.239964188222062,41.478553012178814],[2.239974690143948,41.478569583139866],[2.239995116506499,41.478602946428559],[2.240003702288169,41.478617451037557],[2.240012011775246,41.478632025879605],[2.240027981510161,41.478661387449932],[2.240038206975231,41.478681118178045],[2.240043835966634,41.478692414626529],[2.240049236672004,41.478703772618317],[2.240059401866972,41.478726610501433],[2.240065762153026,41.478741947098342],[2.240073833657718,41.47876253731085],[2.240081514868261,41.478783728440476],[2.24008841635569,41.478805022507103],[2.240092561264572,41.478819299607345],[2.240097463601605,41.478838454718122],[2.240100684964035,41.478852842812891],[2.240103618789257,41.478867238015432],[2.240108718901367,41.478896113423538],[2.240111667095436,41.478915426764509],[2.240114582255071,41.478936541368327],[2.240117054079001,41.478957671058041],[2.240118338537698,41.478971767126808],[2.240119483985966,41.478990582158005],[2.240119896950702,41.479010581327884],[2.240119555190758,41.479030593526581],[2.240118979964235,41.479043938702425],[2.240117802120539,41.479061702533556],[2.24011541269592,41.47908987092206],[2.240112412786834,41.479118008255156],[2.240109918030483,41.479136745193401],[2.240105639269895,41.479164648892471],[2.240100834384199,41.479192477056294],[2.240097216257009,41.479210999402312],[2.240090785219798,41.479241663162675],[2.24008400749082,41.479272270587771],[2.240079205944256,41.479292640640303],[2.240067030908659,41.479342326121312],[2.240054509167815,41.479391955265633],[2.240040668537463,41.479444773323422],[2.240026839860534,41.479497591458149],[2.240013522148673,41.479550755248127],[2.240000682632767,41.479603994254944],[2.239993987347241,41.479632665625523],[2.239987531165007,41.479661374605072],[2.239975252802454,41.479718859803626],[2.239967437926289,41.479757233757191],[2.239964326068121,41.479773426524652],[2.23996145342347,41.479789647894762],[2.239956306431177,41.479822139625057],[2.239951703268499,41.479856265288625],[2.239947937828977,41.479890450531663],[2.239946829445594,41.479912511349667],[2.239946391539299,41.479934594612686],[2.239946470840553,41.479949322243478],[2.239947043767885,41.479968953164139],[2.239948618227945,41.479995121070893],[2.239950636050416,41.480017175523173],[2.239953253441497,41.480039170885192],[2.239955334100922,41.48005380365101],[2.23995851972241,41.480073298708966],[2.239963522133303,41.480099264080266],[2.239966774398602,41.48011408473522],[2.239971757120804,41.480134564466539],[2.239977304327146,41.480154912816289],[2.239981314736531,41.480168405384191],[2.239987058057991,41.480186323029969],[2.239995439538347,41.480210121926582],[2.240000598869184,41.480223694144087],[2.240009110821783,41.480244530465598],[2.240018248198132,41.480265145733441],[2.240024688301812,41.480278789463654],[2.240033687608034,41.480296872737348],[2.240046426830684,41.480320853546672],[2.240058151819093,41.480341431862399],[2.240070527135063,41.480361708221558],[2.24007913829969,41.480375087062207],[2.24009104062092,41.480392793183952],[2.240107655087377,41.480416223113522],[2.240123506062598,41.480437342101439],[2.240140032375257,41.4804580692226],[2.240151479723641,41.480471664956127],[2.240167357183039,41.480489496410257],[2.240176762085421,41.480499529732157],[2.240187828670059,41.480510862088394],[2.240200938613213,41.480523631110636],[2.240220028590391,41.480541249584867],[2.240239626968816,41.480558412036288],[2.240252970621305,41.480569633322645],[2.240271076402009,41.480584353911041],[2.24029576475123,41.480603612666371],[2.240310142841204,41.480614462467095],[2.240326803725567,41.480626759519559],[2.240348538142815,41.480642557926387],[2.240370479017059,41.480658114492641],[2.240385332434357,41.480668264845363],[2.240405576678583,41.480681414231185],[2.240417433364178,41.480688689443397],[2.240431281007617,41.480696761445643],[2.240450035487543,41.480707225787143],[2.240468911635385,41.480717528795736],[2.240483758938341,41.480725130000046],[2.240516164694859,41.480740998836872],[2.240550710913816,41.480758196877503],[2.240611831081717,41.480788081631388],[2.240632378675786,41.480797828181103],[2.240660079175486,41.48081045927875],[2.24068265001236,41.480820291234949],[2.24070537897399,41.480829917060156],[2.240750922333049,41.480849034149941],[2.240781061506389,41.480862077640822],[2.240831152451374,41.480884611497864],[2.240881170308239,41.480907252939438],[2.240914714166634,41.480922093322626],[2.241007884148911,41.480962475817797],[2.241101273300084,41.481002562438611],[2.241175110555144,41.481033791828686],[2.241248850489834,41.481065155640124],[2.241316432967378,41.481094551207022],[2.241383881553655,41.481124135006439],[2.241460718837012,41.481157987136754],[2.241537532036872,41.481191857071344],[2.2416032315834,41.481220456408913],[2.241668979515613,41.481249019998053],[2.241682193720167,41.481254943910542],[2.241695274080194,41.481261047087202],[2.241721094937706,41.481273638513876],[2.241772128383838,41.481299628006269],[2.241796818510069,41.481312635310196],[2.241869589882306,41.481348018645164],[2.241877278071127,41.481352257758957],[2.241888302863696,41.48135796905467],[2.241895618721979,41.481362295787264],[2.241906636268723,41.481368628544189],[2.241919497097768,41.481377126217232],[2.241934481722386,41.481389411986761],[2.241948969103322,41.481402225914053],[2.241957877580966,41.481410697535821],[2.241965299668615,41.481418240606494],[2.24197153384152,41.481424938159954],[2.241981887012172,41.481436887150053],[2.241989254581334,41.481446024169998],[2.241999751168815,41.481460054813361],[2.24200972855348,41.481474442330416],[2.242017083317017,41.481485705010932],[2.242023220641746,41.481495572528672],[2.242033330733997,41.481512960382865],[2.242040375791908,41.481526130590147],[2.242045361977623,41.481536107617544],[2.242052371639541,41.481551286241391],[2.242058826796494,41.481566767462617],[2.242063461461647,41.481579156156513],[2.242067131774796,41.481590016245043],[2.242070039241659,41.481599529204082],[2.24207450382927,41.481616231322121],[2.242077351841994,41.481628788390886],[2.242080832442143,41.48164769984583],[2.242083449761634,41.481666686679006],[2.242084626682848,41.481678746336932],[2.242085293636253,41.481689343435612],[2.242085592663936,41.481698623029359],[2.242085450876097,41.481714889462083],[2.242084769590579,41.481727090001932],[2.242083908432642,41.481736226840177],[2.242082072112951,41.481749896983274],[2.242079541866056,41.481763499502136],[2.242076436515514,41.481777116246356],[2.242073375810042,41.481788958826556],[2.242070428880476,41.481799261890728],[2.24206462630999,41.481817175407365],[2.242059679656568,41.481830509796239],[2.242055634941123,41.481840454337743],[2.242048981888344,41.481855290725598],[2.242041587417443,41.481870023146172],[2.242034645437147,41.481882930045394],[2.242022436024926,41.481902782970216],[2.242012566203224,41.481919219490912],[2.242003490004155,41.481933337331014],[2.241991532505459,41.481950075351669],[2.241980615521208,41.481962838956697],[2.241944161350872,41.482006437741788],[2.241932542854381,41.482018755356385],[2.241922771118694,41.482030886977931],[2.241911531464357,41.482044612241616],[2.241896084943009,41.482062669360346],[2.241886958901084,41.482072841620905],[2.2418762124958,41.482084327289158],[2.241829193949,41.482133035664297],[2.241782246878386,41.482181771513332],[2.241724159926313,41.482242855113419],[2.241665858644753,41.482303820174536],[2.241615753056078,41.482355300403647],[2.241565349853906,41.482406616515078],[2.241516744614057,41.482455764668941],[2.241468163044486,41.482504930972823],[2.241422395292104,41.482552125176944],[2.241377079658297,41.482599574551621],[2.241331850206796,41.482647844150016],[2.241286727850948,41.482696168481141],[2.241270527610509,41.482713094618013],[2.241254113140817,41.482729902243314],[2.241221141291949,41.482763444484796],[2.241199425811591,41.482785954847813],[2.241174182792515,41.482813080746837],[2.24114955898677,41.482840516976864],[2.241133460566476,41.482858975023895],[2.241112341330248,41.482883759168516],[2.241091894059415,41.482908439653777],[2.241071852102363,41.482933284942732],[2.241032530472038,41.48298334083546],[2.241010699201953,41.483011651163672],[2.240989285219771,41.483040126374277],[2.2409753468909,41.483059256192242],[2.240957294614356,41.483085006322433],[2.240942286043793,41.483107569900639],[2.240927885984083,41.483130335655197],[2.240918580323616,41.483145604840487],[2.240906482843547,41.483166079892889],[2.240890806167521,41.483193539080467],[2.240874769093773,41.483222112804896],[2.240858970813208,41.483250751154692],[2.240848709189657,41.483269923236406],[2.240835544344098,41.483295633543108],[2.240812529451333,41.483342194019158],[2.240789514630463,41.48338874548336],[2.240766343125313,41.483435376975066],[2.240743147737334,41.483481999296785],[2.240718246878323,41.483531060368485],[2.240692641428093,41.483579936635415],[2.240686656793614,41.483590832112618],[2.240680350034012,41.483601617374255],[2.240667032586193,41.483622949057306],[2.240638953466177,41.48366517052937],[2.240625122147217,41.4836853728902],[2.240610635647771,41.483705264672402],[2.24060052897241,41.48371833974479],[2.240586349510822,41.483735531331256],[2.240577839658147,41.483745212147042],[2.2405676887879,41.483755917978833],[2.240556979507685,41.48376623280484],[2.240549570675745,41.483772921423963],[2.240539418682789,41.483781672640269],[2.240525497878179,41.483793128213982],[2.240511533264714,41.483804232208172],[2.2404901621415,41.483820799824997],[2.240473418759298,41.483832912310262],[2.240461935921075,41.483840744984924],[2.24044614960196,41.483850909180219],[2.240436824298684,41.483856567301125],[2.240424549499763,41.483863494002641],[2.240411957416948,41.483869896178597],[2.240403381989396,41.483873910894637],[2.240391716074992,41.483878959067184],[2.24038219759599,41.483882697332106],[2.240366388872966,41.483888627891133],[2.240355493210926,41.483892339044296],[2.240339131025235,41.483897455278694],[2.24032267965166,41.483902003455668],[2.24031165152314,41.483904749938155],[2.240296831508148,41.483908074871891],[2.240276842319844,41.483911960151453],[2.240265284369373,41.483913919486511],[2.240245664921499,41.483916915470289],[2.240306308711605,41.484146608334356],[2.240316876727085,41.484205766660814],[2.24032744476091,41.484264924985759],[2.240334077629128,41.484302079269888],[2.240340715768945,41.484338783218327],[2.240332699695441,41.484450692233175],[2.240324676221243,41.484563231714347],[2.240287638318307,41.484657564774693],[2.240250592935176,41.484752528290159],[2.240226976969195,41.484846319459763],[2.240209103895775,41.484918143485622],[2.240203473336746,41.484940741882951],[2.240212397947934,41.485007275421118],[2.240221329947805,41.485073178488804],[2.240252713398987,41.485144904505212],[2.240284104289078,41.48521600004338],[2.24028844674301,41.485254400232215],[2.240292911083367,41.485292621077711],[2.240281023792604,41.485377031945092],[2.240269256245436,41.485461443600947],[2.240267424821106,41.485546371249725],[2.240266400882893,41.485597067118718],[2.240265712113592,41.485631389755333],[2.240243400770965,41.485685286768266],[2.24022109570933,41.485738643374148],[2.240150052261114,41.485821492513736],[2.240079128408115,41.485904342398683],[2.240018377295494,41.48597771161014],[2.239957627098802,41.486050990720969],[2.23992767036243,41.486113304104897],[2.239898198998477,41.486175080244067],[2.239896170885213,41.486184614681335],[2.238827350671007,41.488151103089102],[2.238761267012632,41.488873599053861],[2.239464531874917,41.490811479882453],[2.240488106116772,41.491579066602164],[2.240750411739058,41.491401540205239],[2.24125000941367,41.491137306890423],[2.241518187932708,41.491018907021925],[2.241587064041488,41.490976152439735],[2.241715901338483,41.490855550352343],[2.241800384351346,41.490807059640929],[2.241897243861502,41.490763321415706],[2.242286710592871,41.490547508450746],[2.242615435399334,41.490434554855348],[2.242926621434148,41.490401569283584],[2.243194393389442,41.490360122580213],[2.243200425796683,41.490359230041392],[2.243206478000722,41.490358416798593],[2.243212548158073,41.490357683099568],[2.243218634419687,41.490357029167747],[2.243224734931664,41.49035645520236],[2.243230847835758,41.490355961378263],[2.243236971269924,41.490355547845859],[2.243243103368959,41.490355214731096],[2.24324924226495,41.490354962135449],[2.243255386087995,41.490354790135882],[2.243261532966606,41.49035469878477]]]]}},
{"type":"Feature","properties":{"gml_id":"barris.3","barris_id":3.0,"nom":"MAS RAM                       ","nom_min":"Mas Ram                       "},"geometry":{"type":"MultiPolygon","coordinates":[[[[2.252233372073847,41.472145462981359],[2.252316258464367,41.472413080607787],[2.252344646662099,41.472509509343148],[2.251681483977513,41.472963773178563],[2.251308294871889,41.47322146970938],[2.250943861404297,41.473475709152865],[2.250779052869255,41.473599568556956],[2.250766523085639,41.473610178738546],[2.250742735810986,41.473631155177806],[2.250719685808691,41.47365258678542],[2.250697397133727,41.473674464711131],[2.250675869994031,41.473696770941892],[2.25065512844471,41.473719496627403],[2.250635184773123,41.47374261482593],[2.250616051059054,41.47376611660917],[2.250597739486175,41.473789984042078],[2.25058026213439,41.473814208196323],[2.250563643266821,41.473838762208146],[2.250547871116357,41.473863627986418],[2.250532981610232,41.473888805765583],[2.25049220604512,41.473955969551163],[2.250440447433726,41.474048111359529],[2.250362513646857,41.474184435045451],[2.250185334802948,41.474496891193411],[2.25000664904631,41.474813165378769],[2.249944347535156,41.475016551776783],[2.248509047198993,41.475336647395189],[2.248496589108897,41.475463237198554],[2.248482054900607,41.475611935629971],[2.24855236000503,41.475726780038997],[2.248600911733096,41.475820197792629],[2.248611135228901,41.476000881132954],[2.248693604585279,41.476067545476923],[2.24872512794073,41.47615576322039],[2.248764139053366,41.476201333011709],[2.248955851398495,41.476343237438705],[2.248977992279549,41.47653458147758],[2.248963217285871,41.47654877002487],[2.248998485015147,41.47661566371201],[2.248990190163314,41.476743442146692],[2.248975991334798,41.476792065011551],[2.248994748079845,41.476896944269825],[2.248964592765868,41.476977695808095],[2.248760003053274,41.477359857536356],[2.248532152934775,41.477563121087769],[2.248511681778236,41.477606574957406],[2.248512787096597,41.477637349904271],[2.248502644678541,41.477672080473027],[2.24849505162033,41.477696938070814],[2.248413103060741,41.477834124834999],[2.24838686569837,41.477901484516245],[2.248350257629026,41.477961913029212],[2.248295526577397,41.47802109894171],[2.248709734522375,41.47839085685068],[2.248815605767281,41.478495133454082],[2.249014067546115,41.478650726191539],[2.249259658240474,41.47883247743637],[2.249519952252786,41.478954604995245],[2.249741669279683,41.479171058080922],[2.249965236926831,41.479414094633022],[2.250216168134878,41.47966289369549],[2.250292141876558,41.479763551207483],[2.250316421621275,41.479859998580203],[2.250270907981851,41.480109116888947],[2.249934657076749,41.480963708728872],[2.249799975436996,41.481123882735623],[2.249766749675047,41.481179872210312],[2.249750770840253,41.481225570620246],[2.249747361649786,41.481271873441806],[2.25081566292771,41.482081863996505],[2.25864182055505,41.473556586910064],[2.257092286417373,41.473219403280218],[2.256081771645134,41.472999999985603],[2.255501979286531,41.472872306682248],[2.255403923900983,41.472850882857529],[2.254847121340719,41.472729036757691],[2.254754597842012,41.472708792156538],[2.25456540220505,41.472667699369552],[2.253998682483548,41.472544118508729],[2.253394313849505,41.472412030678377],[2.252703363899983,41.472255678674095],[2.252564526745391,41.472223232604648],[2.252427611069608,41.47219242018997],[2.252401703886859,41.47218642400955],[2.252379393059005,41.472181162784651],[2.252296558643893,41.472161015207362],[2.252233372073847,41.472145462981359]]]]}},
{"type":"Feature","properties":{"gml_id":"barris.4","barris_id":4.0,"nom":"BONAVISTA                     ","nom_min":"Bonavista                     "},"geometry":{"type":"MultiPolygon","coordinates":[[[[2.242070659084671,41.468441380050365],[2.242081921432658,41.468392625029232],[2.242088217247264,41.468370301086267],[2.242094942545018,41.468345034545841],[2.242102857520225,41.46832146923942],[2.242111692212685,41.468298108155913],[2.242121446726448,41.468274942288353],[2.242132120640738,41.468252007663445],[2.242143677821397,41.468229322057653],[2.242156130032179,41.468206903563122],[2.242169464982887,41.468184779120826],[2.242183658724014,41.468162948572676],[2.242198710730062,41.468141456951997],[2.242214609025956,41.468120304179557],[2.242231329452406,41.468099508110697],[2.242248859719596,41.468079095686392],[2.242267199617185,41.468059084919695],[2.24228631311656,41.468039484580324],[2.242306187928146,41.468020321609202],[2.242323327032259,41.468004698545357],[2.242354349586482,41.467977421252833],[2.242386109174594,41.467950608185106],[2.242418569663315,41.467924277118485],[2.242451731052566,41.467898428052393],[2.24248558115805,41.467873078920832],[2.242520096030987,41.467848229565398],[2.242555275356689,41.467823907005823],[2.242591095186523,41.467800111083697],[2.24262754344145,41.467776850726388],[2.242664608042442,41.467754134861117],[2.242702276910561,41.467731972415272],[2.242760361722112,41.467698658068514],[2.242813578024071,41.46766898667093],[2.2428673026717,41.467639877055163],[2.2429215357706,41.467611320213813],[2.242950726472194,41.467596316826821],[2.243543890841108,41.467317818751873],[2.24337349424272,41.4672088700936],[2.243294136245109,41.467157293949008],[2.243217674613801,41.467107925610073],[2.243140886439607,41.467058843308372],[2.243099767231255,41.46703282950596],[2.243037743650353,41.466994112757924],[2.242975320695221,41.466955762651743],[2.242902237725068,41.466911433473115],[2.242828937011803,41.466867300977405],[2.242747677695965,41.466818648354774],[2.24266623689596,41.466770165620169],[2.242584089427084,41.466721705195965],[2.242542791593699,41.466697698671425],[2.2425012637637,41.466673906795343],[2.242431608511325,41.466634526950003],[2.242361808079535,41.466595281217074],[2.242293256829593,41.466556746249736],[2.242224523844913,41.4665183991997],[2.242186292616688,41.466497412221976],[2.242128612333528,41.46646628983126],[2.242070689788909,41.466435409015354],[2.241977300447865,41.466385766159291],[2.241883887091407,41.466336141083211],[2.241802746376818,41.466292838978106],[2.24176211545454,41.466271250556566],[2.241721290558414,41.466249868012532],[2.241633916929745,41.466205038470065],[2.24154632505229,41.46616045062197],[2.241474555505271,41.46612379450643],[2.241402773750066,41.466087165287476],[2.241364976408513,41.466068036425511],[2.241308043791727,41.466039611771109],[2.241250965644757,41.466011348261937],[2.241175383653418,41.465974072318005],[2.241099704485173,41.465936921786735],[2.241007136039747,41.465891967413626],[2.24091456782773,41.46584700395946],[2.240874860924226,41.465827348909151],[2.240815634472904,41.46579747668865],[2.240653625096326,41.465719609899367],[2.240556062373613,41.465672721620898],[2.240457413442348,41.46562452000903],[2.240367936513296,41.465580495282715],[2.240282811463085,41.465538102553381],[2.240197638102182,41.465495754478539],[2.240103207319261,41.46544939091806],[2.240008788855715,41.465403009345934],[2.239909657496221,41.465354146530444],[2.239810526286006,41.465305283629775],[2.239724670290273,41.465262993741938],[2.239638778063535,41.465220739579586],[2.239546964426167,41.465175924122782],[2.23945513883646,41.465131117520407],[2.239362614396138,41.465085666695096],[2.239270102270026,41.465040197861335],[2.23917011338242,41.464991031486186],[2.239070136620152,41.464941865103569],[2.23899646983999,41.464905888448563],[2.23892279085149,41.464869938687428],[2.238833569457201,41.464825743307017],[2.23856046790411,41.464693291891791],[2.238444552215184,41.464636074888205],[2.238346360587701,41.464587946537868],[2.238254557336198,41.464543418347226],[2.238162766184462,41.46449889016283],[2.23807112274806,41.464454029608248],[2.237979612943541,41.464409016739069],[2.237922489469258,41.464380778286063],[2.237865438942555,41.464352450213568],[2.237561795605354,41.464203526606887],[2.237064619817283,41.463959722396062],[2.236953888053169,41.463905880020349],[2.236724201976632,41.464169273536321],[2.235893209210709,41.465290540286134],[2.235454894064746,41.465834513560452],[2.235421668680917,41.465859549528012],[2.23537865686343,41.465891960562935],[2.235155244982974,41.466051437871101],[2.235048786547383,41.46613296770979],[2.234942568386168,41.4662144089733],[2.234926376925403,41.46622673152239],[2.234910545739785,41.466238966391423],[2.23467936532974,41.466397967745607],[2.234559358109528,41.466469651931888],[2.23442983389484,41.466536976104351],[2.234147869399453,41.46668543293778],[2.234125232855209,41.466695910973279],[2.234102714984266,41.466706479868833],[2.233954304804708,41.466787044764835],[2.233822987760144,41.466879378943773],[2.233657733258394,41.467046870012723],[2.233492461861134,41.467235023764502],[2.233464443580046,41.467265192068012],[2.23343678450018,41.46729536275857],[2.233408978044837,41.467327874390932],[2.233380932076518,41.467360384420019],[2.233145360221922,41.467666687871166],[2.232812047000532,41.46807522173652],[2.233236789499787,41.468294439396047],[2.233299441487544,41.468254080430228],[2.233325885664133,41.468237610979216],[2.233346800414203,41.468224932821734],[2.233378562423197,41.468206364044498],[2.233410882114373,41.468188231331723],[2.23342324770515,41.468181540162853],[2.233445223550558,41.468170274217648],[2.233462035908354,41.468162234544394],[2.233474857660669,41.46815646516734],[2.233494509961254,41.468148273274586],[2.233504531139169,41.468144394804789],[2.233514694097612,41.468140679412613],[2.233528173136242,41.468136040337917],[2.233540038261207,41.468132183160265],[2.23356099730367,41.468125900530616],[2.233576867817815,41.468121565623562],[2.233588866863307,41.468118538016327],[2.233606987392057,41.468114317179385],[2.233625294625676,41.468110511925175],[2.233682632487176,41.46809933742847],[2.233740051390571,41.46808839763613],[2.233814751280618,41.468074357280983],[2.233889578612688,41.468060678023193],[2.233926188330574,41.468054481556038],[2.233981327004765,41.468045985483037],[2.234036569084398,41.468037859376665],[2.234077280365475,41.468032167569099],[2.234138484177361,41.468024207217354],[2.234169069017981,41.468020150352523],[2.234199608927503,41.468015840972548],[2.23421910377918,41.468012872214175],[2.234253072183397,41.468007243540086],[2.234278441803332,41.468002674531881],[2.234316346605194,41.467995306589771],[2.234354090438849,41.467987370095877],[2.234386967260414,41.467979860571553],[2.234411431483414,41.467973871341606],[2.234447982424653,41.46796452171855],[2.234484475922565,41.467954964530719],[2.23450854985097,41.467948558340929],[2.234526487697651,41.467943570512332],[2.234539862135944,41.467939669231839],[2.234559778192845,41.467933469553337],[2.234579473094459,41.467926727954165],[2.234592958057945,41.467921575370966],[2.234604463645279,41.467916715866799],[2.234614336159321,41.467912232813624],[2.234631223017097,41.467903950264805],[2.234643646075748,41.46789744850313],[2.234662027185864,41.467887356392893],[2.234680279116653,41.467877047242055],[2.23470464687772,41.467862968640283],[2.234722592868019,41.467852198068414],[2.234735850621488,41.467843963417302],[2.234755435503559,41.467831303177753],[2.235300734966382,41.468121086750628],[2.235360112176243,41.468190037009094],[2.235436269630164,41.468308666635018],[2.235570619449609,41.468562461056557],[2.236137675240056,41.468562814553181],[2.236361176860028,41.468514514617958],[2.236561169775448,41.468445872576211],[2.236588524053937,41.468460961422636],[2.236619358259151,41.468480550048213],[2.236648714521302,41.468499543374257],[2.236678191074065,41.46851849245386],[2.236692035235536,41.468525583097346],[2.236703730812657,41.468530038320459],[2.236712892109733,41.468533089581271],[2.236724453934385,41.468536697216834],[2.23673615223731,41.468539900422869],[2.236768350619248,41.468546320200353],[2.236792594405865,41.468550948753865],[2.236820781846871,41.468556279026132],[2.236848957106683,41.46856162722549],[2.236872396605971,41.468566421566806],[2.236895725061513,41.468571494396635],[2.236910188428842,41.468574806004149],[2.236924565122345,41.468578360235227],[2.236953306222544,41.46858549563273],[2.236972656381564,41.468589758408733],[2.236988597375515,41.468592674474763],[2.23700466276617,41.468595195037103],[2.237036930977768,41.468599750665874],[2.237058352701654,41.468603009329989],[2.237084116551706,41.468607710956704],[2.237109804965668,41.468612718329688],[2.237126989100019,41.468615831777711],[2.237135896784397,41.468617025793471],[2.237144930871338,41.468617653179216],[2.237159085042358,41.468617720032313],[2.237169809190132,41.468617196667481],[2.23718561904847,41.468614959590369],[2.237197560263998,41.46861175107508],[2.237233297969411,41.468599242576474],[2.237244667397668,41.468593733371478],[2.237253801926127,41.468587840040428],[2.237260664997846,41.468581616385912],[2.237270689894336,41.468570261452022],[2.237280272893502,41.468558804505243],[2.237298890168501,41.468535706822209],[2.237309302704771,41.468521931458476],[2.237319453171505,41.468508037259582],[2.237326626293035,41.468498861222152],[2.237334401976033,41.468490382751291],[2.237341043821333,41.468485661864669],[2.237350667942858,41.468480906707562],[2.237358666989657,41.468477888214551],[2.237369701915018,41.468474349404985],[2.237378340609418,41.468471929641758],[2.23738702170794,41.468469978545009],[2.237400793434152,41.468467935095646],[2.237417986937873,41.468467184377836],[2.237435243203871,41.468467208712042],[2.237446732317903,41.468466807489563],[2.237465743433234,41.468464240308094],[2.237477709190393,41.468460977881868],[2.23748788037634,41.468452461237092],[2.237498366924173,41.468438497190959],[2.237512005206709,41.468422302181594],[2.237521621279298,41.46841006178802],[2.238695691171029,41.469298629657672],[2.239375616986778,41.469954652779023],[2.240604655046718,41.470678647470727],[2.240643751605945,41.47078258998792],[2.240650702067879,41.470796561343448],[2.240656114132713,41.470806901559975],[2.240661147226983,41.470815852131885],[2.240666951206174,41.470826474165186],[2.240672351301094,41.470836814301926],[2.240677351895861,41.470848547950865],[2.240678731102329,41.470855555820144],[2.24068082847178,41.470863622298417],[2.240684387279099,41.470879859145647],[2.240687135768826,41.470890623140313],[2.240691038746217,41.4709040519447],[2.240696673970829,41.470918870319316],[2.24070324222361,41.47093173123568],[2.24070905274128,41.470941794849836],[2.240716117440769,41.470954190656805],[2.24072203729844,41.470965146726492],[2.240726049420607,41.470972307086782],[2.24074075071301,41.471002479901962],[2.240755304427758,41.471032985015405],[2.240769648496769,41.471062984327595],[2.24078399247367,41.471092992644607],[2.240794918444871,41.471116240850087],[2.240805364057773,41.471139602980195],[2.240813617204421,41.471155861800007],[2.240821319070934,41.47117317985586],[2.240828602945031,41.471192449762007],[2.240838909408769,41.4712226025635],[2.240844227201117,41.471241021802022],[2.240849235272368,41.471263402259979],[2.240851623579876,41.471276298630727],[2.240853142727352,41.471283631687974],[2.240854736837707,41.471293775554372],[2.240855935352875,41.471303952839449],[2.240857865148826,41.471324322340642],[2.240859419402314,41.471337879755197],[2.240864129106039,41.471364275551196],[2.240867432982844,41.47138491533596],[2.240870402563419,41.471401364464995],[2.240874528331157,41.471420334294137],[2.240877672063413,41.47143007404609],[2.240881799207149,41.471440721029985],[2.240886430789268,41.471450218393485],[2.240890126573697,41.471456782170023],[2.240900590269838,41.471477577295254],[2.240904977440805,41.47148544270231],[2.240912682524143,41.471502490549639],[2.240917679951627,41.471514503395703],[2.240922775402766,41.471533506644342],[2.24092407060028,41.471541558815787],[2.24092591123465,41.471554181347436],[2.240926149592283,41.47156146091379],[2.240923414036779,41.471569072143268],[2.240917814564096,41.471575799760188],[2.240911265604259,41.471581791509792],[2.240901309944606,41.471588256184056],[2.240885232703588,41.471595905465264],[2.240868136751826,41.471602593234564],[2.240854657502166,41.471607233165763],[2.240827460232228,41.471616448395572],[2.240818231941581,41.471619080703611],[2.240806610426649,41.471621544088485],[2.240774935059837,41.471626577328813],[2.240743237736645,41.471631439274567],[2.240704751900696,41.471637166147588],[2.240666265426987,41.471642947048004],[2.240655666411145,41.471645020841478],[2.240645382515878,41.471647799292917],[2.24062991704637,41.471653308811916],[2.240618493903733,41.471658268542065],[2.240603606141903,41.471665583355104],[2.240592397370699,41.471671670425167],[2.240582737818305,41.471676362565631],[2.240573586879955,41.471681598508411],[2.240566397871244,41.471685991699601],[2.240554477370655,41.471694569121311],[2.240548487951507,41.471699816929053],[2.24053890279565,41.471708391753943],[2.240531723508519,41.471715027854025],[2.240525714515659,41.471721950910997],[2.240518911904765,41.471729147957291],[2.240508468099359,41.471743562923805],[2.240501631899739,41.471754659959018],[2.240493964010921,41.471768264571409],[2.240486945784791,41.471783665949204],[2.240481702915476,41.471793692614227],[2.240476889885091,41.471803830206362],[2.240466044970436,41.471824899001518],[2.240459582172107,41.471836836189652],[2.240451316246272,41.471850373798006],[2.240443820027009,41.471861583567559],[2.240439869276324,41.471867619470011],[2.240433935435554,41.471876308472048],[2.240423016897576,41.471890350991401],[2.240414196061979,41.471901155685117],[2.240395656585805,41.471921705273552],[2.2403738002848,41.471943232777214],[2.240349042578156,41.471967083042998],[2.240324379098326,41.471990042191457],[2.240310884332415,41.472002149105087],[2.240297116343733,41.472014065056726],[2.240268938325155,41.472037496387955],[2.24024966808441,41.472052933920345],[2.240230089007107,41.472068153231504],[2.240209683530697,41.472083376087788],[2.240189218695356,41.472098553511238],[2.240179947654172,41.472105860335013],[2.240168753745223,41.472113739937697],[2.240155602069442,41.472123128859522],[2.24013999753834,41.47213437511838],[2.24012930762876,41.472142167972585],[2.240117752979089,41.472150171290913],[2.240100237016107,41.472162035435758],[2.240086290722808,41.472172806242085],[2.240073537467111,41.472181918556814],[2.240056808689728,41.472194058118284],[2.240046442826757,41.472201790053788],[2.240037672921943,41.472209253303156],[2.240027118372251,41.472217758628091],[2.240004960974591,41.472236338646361],[2.239991776820947,41.472248501619056],[2.23998178980199,41.472257632201519],[2.239972595429881,41.472267596702991],[2.239966178088974,41.472275633951718],[2.239962109087784,41.472285632319384],[2.239958985310609,41.472294682146654],[2.239956127858038,41.472302463687853],[2.239953256582377,41.47231245195475],[2.239950319561901,41.472321917356915],[2.239944923788797,41.472340914373348],[2.239940216036144,41.472353304492174],[2.239937665329352,41.47236045754066],[2.239931443616169,41.472374296856287],[2.239924157763606,41.47238901186639],[2.239919713047843,41.472397341377565],[2.23991367138813,41.472407047477802],[2.239908452628461,41.472413975723988],[2.239903254477778,41.472420165497951],[2.2398948427762,41.472429765861051],[2.239887633963276,41.472438914794488],[2.239882029809965,41.47244500280285],[2.239871206888428,41.47245801905531],[2.239862409006838,41.472471967446026],[2.239856310479284,41.472482438797691],[2.239850615119818,41.472496326624309],[2.23984771797301,41.472506476850796],[2.239844177968839,41.472519370090652],[2.239842200639648,41.472531769242508],[2.239840725742535,41.472544216751871],[2.239838755074444,41.472562191538309],[2.239838266659316,41.472571186719257],[2.239838425222465,41.472580159153708],[2.239840230378865,41.472592727421933],[2.239843276883652,41.472604628337699],[2.23984680303088,41.472616478378697],[2.239849771488998,41.472624811841683],[2.239855160721169,41.472637106550977],[2.239859914635577,41.472649451105951],[2.23986219078917,41.472659635521033],[2.23986283206636,41.472671367414748],[2.239861639400498,41.472681186623731],[2.239857603273705,41.472693491102909],[2.239852998742707,41.472702170844187],[2.239848536394537,41.472708932945359],[2.239838563695486,41.472720927967778],[2.239831633177574,41.472727781845478],[2.239822869886149,41.472735695492496],[2.239809395693512,41.472747045859236],[2.239795219695011,41.472757986252319],[2.239782871967922,41.472767227318222],[2.239773534515954,41.472774056276734],[2.239766339118437,41.472778980812748],[2.239752072212345,41.472787452567644],[2.239742810988346,41.472791859032597],[2.239726758456309,41.472798382387509],[2.239714561180914,41.472802949591674],[2.239677547188339,41.4728158827755],[2.239645579158589,41.472826426309084],[2.239629577492966,41.472831670933644],[2.23961368096868,41.472837141436429],[2.239600976397341,41.472842074578992],[2.239591743109314,41.472846138934635],[2.23957825262689,41.472852733250981],[2.239565091865988,41.472859807138626],[2.239555974498345,41.472865223370128],[2.23954301116656,41.47287384783607],[2.239530270831458,41.472882861093737],[2.239521695506343,41.472888010683782],[2.23951490000294,41.472892532514265],[2.239511177335098,41.472899533685528],[2.239513297411711,41.472910770942903],[2.239514775180199,41.472917536275247],[2.239517717091119,41.472933255651803],[2.239524123441964,41.472960977796625],[2.239602207027741,41.472995911360869],[2.23967892551528,41.473050291865675],[2.239707498341227,41.473036167951697],[2.23974061772978,41.473020371680519],[2.239793986683136,41.472995548693902],[2.23984778017753,41.472971286947953],[2.239901986238619,41.472947586362984],[2.239952619458666,41.472926267123668],[2.240032359190832,41.472898429652346],[2.240073615598977,41.472884227315618],[2.24013925019155,41.472862286510946],[2.24021987938703,41.472835184386341],[2.240244019742608,41.472827300221411],[2.240271534723131,41.472818618666281],[2.24032223918184,41.472805532512773],[2.240365958564293,41.472792697450537],[2.240409900513816,41.472780287190069],[2.240439300389529,41.472772230546688],[2.24058628373626,41.472735360922002],[2.240710969983731,41.472708513295146],[2.240878312050231,41.472676812834337],[2.241008688435937,41.472657001200602],[2.241197035137478,41.472635671301511],[2.24137103313578,41.472620596685871],[2.241547551626518,41.47260812355556],[2.241604981740775,41.472604665075878],[2.241662422668888,41.472601305720438],[2.241726729500804,41.472597640310269],[2.241791048091165,41.472593992956547],[2.241867638141843,41.47258966982838],[2.241944228078086,41.472585355655909],[2.24198655769837,41.472582797287387],[2.242028877230534,41.472580076703402],[2.242079266174029,41.472576544564561],[2.242129611306273,41.47257266082574],[2.242147509337571,41.472571148411063],[2.242174295086288,41.472568487557375],[2.242201002675559,41.472565339782065],[2.242217772294689,41.472563027269544],[2.242242777079565,41.472559039583935],[2.242267690048735,41.472554709006246],[2.242293301252235,41.472550067763265],[2.24233153138065,41.472542681309847],[2.242350571436742,41.472538744384089],[2.242369554028607,41.472534599906155],[2.242389753463427,41.472529832920905],[2.242404780341551,41.47252599565644],[2.242427162820768,41.472519909945831],[2.242449405476381,41.472513490035574],[2.242465798666543,41.472508535834962],[2.242490141165308,41.472500742604375],[2.24251421410503,41.472492443178204],[2.24253344601819,41.472485399927329],[2.242547725457632,41.472479927379766],[2.242568926428719,41.472471428881043],[2.242589904167408,41.472462559604374],[2.242604157535022,41.472456240181018],[2.242625230108028,41.47244642574374],[2.242645913053744,41.472436131344111],[2.242660529324799,41.472428472198416],[2.242682163427498,41.472416715846158],[2.242703525554953,41.472404660454501],[2.242728270527139,41.472390069224595],[2.242761038255068,41.472369414771769],[2.242774021238966,41.472361114339826],[2.242785753029259,41.472353301077383],[2.242802839972141,41.472341217522626],[2.242811140257562,41.472334975980168],[2.242819262487019,41.472328598153815],[2.242842430702777,41.472309537848751],[2.242865135439077,41.472290168236007],[2.242886030982909,41.472271894622082],[2.242906534166098,41.472253375221541],[2.24291768738721,41.472242792860641],[2.242933816294031,41.472226586591326],[2.242949469542167,41.472210088951741],[2.242958954424583,41.47219981987309],[2.242972705410295,41.472184183429398],[2.242979253261659,41.472176218931899],[2.242985527255807,41.472168117520354],[2.242999642668709,41.472148952564815],[2.243014443573992,41.472128513065861],[2.243020195686125,41.472119975861794],[2.243040140679056,41.472090760960718],[2.243057558015743,41.472064691024919],[2.243074653372783,41.472038501871175],[2.243133712149221,41.471939331535026],[2.243264010288723,41.471706905774759],[2.243396127617238,41.471471411289514],[2.243502916563709,41.47128312006911],[2.243609769598701,41.471091325280838],[2.243625299362281,41.471062756795497],[2.243640196325433,41.471034022013207],[2.24364982131747,41.471014773402182],[2.243662336591555,41.470988995403218],[2.243675898299677,41.470959738413029],[2.243686640453908,41.470935047656937],[2.243711511109399,41.470881788195683],[2.243719644534885,41.470862070392641],[2.243730035653817,41.470835638892396],[2.243738372651989,41.470812832882054],[2.24374604009676,41.470789932394624],[2.243750793139751,41.470774605998024],[2.24375670832147,41.470754089961922],[2.243763890416441,41.470726583491384],[2.243769355162054,41.470702578622259],[2.243773982184841,41.470678523207887],[2.243776636327409,41.47066243539458],[2.243779701016371,41.470640909799862],[2.243782525794912,41.470616329112907],[2.243784596153976,41.470591743465839],[2.243785553210365,41.470575356257037],[2.243786274588743,41.470553490988408],[2.243786282680446,41.470530143813569],[2.243785440661614,41.470506782042065],[2.243784388381716,41.470491201297499],[2.243782390451783,41.47047043507002],[2.243779595341311,41.470449222237782],[2.243776080484641,41.470428112762313],[2.243773393585089,41.470414070546255],[2.243769431641267,41.470395363111642],[2.243764612403304,41.470375199846004],[2.243759132980974,41.470355167350739],[2.243755096211415,41.470341863874658],[2.243749230311056,41.470324170766538],[2.243742114778347,41.470304776047101],[2.243734278246216,41.470285592764554],[2.243728617446927,41.47027291813599],[2.243720477319038,41.470256155851843],[2.24371549813498,41.470246656315645],[2.243709516075484,41.470235862124177],[2.243702236171532,41.470223393026195],[2.243694715516952,41.47021103043361],[2.243679072018633,41.470186598532138],[2.243668230040396,41.470170467011982],[2.243653317533691,41.470149084421053],[2.243637350386908,41.470126740106494],[2.243621057836107,41.470104573798103],[2.24360988714731,41.470089935342102],[2.24359442337261,41.470070647846619],[2.243585232946633,41.470059760489789],[2.243575186731861,41.470048318051539],[2.243564911218458,41.470037027230532],[2.243543757481708,41.470014783903785],[2.243529269395752,41.470000159651711],[2.24350957857436,41.469980844343695],[2.243488213890561,41.46996026599156],[2.243466535256501,41.469939910755912],[2.243451769191999,41.469926536696697],[2.243431518276127,41.469909046197017],[2.243407984979903,41.469889588500038],[2.243384113260517,41.46987039879442],[2.243367973303682,41.469857772309901],[2.243346107230095,41.469841180919332],[2.243284772177265,41.469795542152923],[2.243223316309918,41.469750001639987],[2.243136093695049,41.469685538096321],[2.24304859331806,41.469621288835604],[2.243018226529641,41.469599399119446],[2.242987630145157,41.469577688032423],[2.242926231770362,41.46953444462865],[2.242885541401619,41.469505416100795],[2.24279894552095,41.469442721877193],[2.242712361886491,41.469380018660544],[2.242650261034075,41.469335428376475],[2.242588148187115,41.469290846986809],[2.242557630339081,41.469268586848152],[2.242527378262127,41.469246130288248],[2.242467261031294,41.469200904432853],[2.242428293099581,41.469171058402083],[2.242389905022105,41.469140783821118],[2.24236459890805,41.469120386465242],[2.242350436517642,41.469108682611193],[2.242336527278133,41.469096836304132],[2.242309276343356,41.469072742089658],[2.242291418826607,41.469056474146349],[2.242276335119564,41.469040593777713],[2.242257306272474,41.469018994726696],[2.242238453075985,41.468998765957608],[2.242220382962312,41.468978137010538],[2.242203119880112,41.468957108043639],[2.242186675383616,41.468935715163092],[2.242171061446858,41.468913958448155],[2.242156289728871,41.468891864998177],[2.242142359914096,41.468869461833762],[2.24212931989999,41.468846749270725],[2.24211714531683,41.468823763178527],[2.242105860007916,41.468800512721891],[2.242095475737025,41.468777015993574],[2.242085992188282,41.46875330001388],[2.242077552291711,41.468724294546632],[2.242071560272954,41.468700007083136],[2.242066503845948,41.468675590673087],[2.242062394774202,41.468651063408934],[2.242059220767207,41.468626452232122],[2.242057005667896,41.468601766307202],[2.24205563317335,41.468572600238637],[2.242055426874165,41.468552287143034],[2.242056130520705,41.468529935358845],[2.242059242686044,41.468501294250672],[2.242062741529789,41.468478519522002],[2.242070659084671,41.468441380050365]]]]}},
{"type":"Feature","properties":{"gml_id":"barris.5","barris_id":5.0,"nom":"POMAR                         ","nom_min":"Pomar                         "},"geometry":{"type":"MultiPolygon","coordinates":[[[[2.254861085219841,41.4721136597597],[2.2548587339682,41.472050268372591],[2.254855277202163,41.471920332064485],[2.254852699351068,41.47189656281661],[2.254853088549354,41.471874100850144],[2.254852531608088,41.471851641761631],[2.254851016243405,41.47182921249366],[2.254848542249818,41.471806831059737],[2.254845121293726,41.471784524557577],[2.254840741091257,41.471762319929795],[2.254835425490371,41.471740226338156],[2.254829162207163,41.471718270725226],[2.254821974883056,41.471696480266196],[2.254813863312445,41.47167487297444],[2.254804827186458,41.471653475869964],[2.254794890146391,41.471632316127973],[2.254784040114679,41.471611402677411],[2.254772324785955,41.471590753841859],[2.254759719797737,41.471570405492834],[2.254746260869445,41.47155037587634],[2.254732490491917,41.471531398107565],[2.254679293693,41.471454058041637],[2.254586968437578,41.471327905410632],[2.254510320456662,41.471226777827283],[2.254412793399315,41.471105230153775],[2.254332263930244,41.471024100768432],[2.254271023792255,41.470962111039562],[2.254254455213442,41.470946970242558],[2.254244889263211,41.470937333339101],[2.254225239244793,41.470918335400178],[2.254184974839406,41.470880891718615],[2.254158376865441,41.470855804740836],[2.254143598072471,41.470841243000265],[2.25412728971936,41.470824302388984],[2.254118916443714,41.470815096557338],[2.254110276530189,41.470805123365729],[2.254045849279939,41.470728691974514],[2.253981434051533,41.470652269631309],[2.253966278597244,41.470634012384068],[2.253953313600728,41.470617940129536],[2.253931220084652,41.470589603615224],[2.253915119306856,41.470568151604255],[2.253903293501566,41.470551951622014],[2.253885934184358,41.470527464951552],[2.253868996585358,41.470502755828605],[2.253846311716676,41.470468560641187],[2.253829937913669,41.47044272924267],[2.253818174246762,41.470423205918003],[2.253809709071593,41.470408450898887],[2.253797678505455,41.470386097512026],[2.253791987735621,41.470374819338126],[2.253786561448484,41.470363452805621],[2.253768991657362,41.470324967227128],[2.253756246352471,41.470296024777589],[2.253737848664076,41.470252462647402],[2.253729010056248,41.470230598347889],[2.253720411674629,41.470208672554328],[2.253697444682568,41.470148993525292],[2.253674441807386,41.470089314258125],[2.253644817629801,41.4700128382269],[2.253615217573479,41.469936353335989],[2.253598717158822,41.469892362128704],[2.253574723056012,41.469826200073761],[2.253562551871519,41.469793162951113],[2.253549948574019,41.469760213096833],[2.253515238427932,41.469673012216923],[2.253480420290416,41.469585837646406],[2.253471669816057,41.469563613599568],[2.253312680826232,41.468521946387064],[2.253301547822054,41.468292101937664],[2.254596531515849,41.467113899585449],[2.254798670768022,41.467237060703994],[2.254976209709067,41.467088550862194],[2.2551094068644,41.467172929236057],[2.255647815691846,41.46668822731187],[2.255519895406996,41.466604774322072],[2.255268498156995,41.466498543647006],[2.255067411461747,41.46641298603808],[2.25347622576382,41.46588971480854],[2.253207165508717,41.465758883661721],[2.253210052799808,41.465550024305806],[2.253192022618864,41.465402451709252],[2.253174060855856,41.465056292431129],[2.253157959090166,41.464564299464818],[2.253138903811501,41.464092740018771],[2.253131340496106,41.463804307219199],[2.253084070509777,41.462711823610469],[2.250730362231674,41.461168637368814],[2.250506786545034,41.461081770731724],[2.250506887129335,41.461081771387171],[2.250479808000245,41.461060990983086],[2.250459946232957,41.461046170427998],[2.25043323078362,41.461026549279765],[2.250405184740389,41.461006018710172],[2.250376933199107,41.460985657935467],[2.250357772528268,41.460972346172909],[2.250311693427081,41.460941447586663],[2.25026522728432,41.460910888741118],[2.250218628338744,41.460880428092558],[2.250171823817114,41.460850146233255],[2.250140383002008,41.4608301609344],[2.250113394731616,41.460813447332427],[2.250086140262909,41.460796975189055],[2.25003157077442,41.460764093539879],[2.250012667859494,41.460752323670569],[2.249993934651938,41.460740374756135],[2.249983967446785,41.460733527164081],[2.249883154676883,41.46065554024473],[2.249840290696382,41.460711370104242],[2.249840183848435,41.460842644280859],[2.249805583131846,41.460914409187026],[2.249687306848509,41.461041731935083],[2.249654449316251,41.461138811038694],[2.249702023646224,41.461426188220159],[2.24982741025611,41.461808741003289],[2.249869047161261,41.461936197476881],[2.249890393978421,41.46205793699972],[2.249889272904727,41.462518479546148],[2.249901889313109,41.462909214005144],[2.249914618301556,41.463300579690276],[2.249882175422711,41.463393324760808],[2.249820786746573,41.463493627417215],[2.249792997324179,41.463525512602729],[2.249765326571401,41.463557488629768],[2.249738081503815,41.463583702673326],[2.2497108416101,41.463609466372773],[2.249610085814751,41.463686453089828],[2.249514802752339,41.46373537225535],[2.249401626840857,41.463788678288076],[2.24929206779515,41.463839846034006],[2.249210341545423,41.463886511499723],[2.249070017783309,41.463988640393197],[2.24903443136557,41.464021645453585],[2.248998479460004,41.464055188562021],[2.248956475134713,41.46409436681666],[2.248914471799115,41.464133454988023],[2.248871534638492,41.464191182418546],[2.24882895765351,41.464248822110648],[2.248798116849931,41.464295999749858],[2.248767284325321,41.464342456840484],[2.24868205204772,41.464495566807713],[2.248596825609944,41.464648136301165],[2.24856244339672,41.464711594179626],[2.248527702942011,41.464774959632393],[2.248451911053636,41.464888228203506],[2.248328219311494,41.4650326196086],[2.2481537233028,41.46520036832063],[2.248018533374802,41.465313788757655],[2.247952535000489,41.465356682958046],[2.247886889507014,41.465400119873458],[2.247803976369034,41.465455964145782],[2.247720945433637,41.465511627439142],[2.247588398200979,41.465582819829855],[2.246869891068025,41.465935622015273],[2.24615149593911,41.466288420440989],[2.246044545664327,41.46634122352021],[2.245937355734932,41.466394024928661],[2.24589933313438,41.46641380815614],[2.245873474357043,41.466427636150712],[2.24567048812858,41.466523423120826],[2.245553890276696,41.466571658758781],[2.24541707220299,41.466628678974175],[2.245112048902116,41.46674991702313],[2.244035827763289,41.46711524246016],[2.243543890841111,41.467317818751873],[2.243867852125009,41.467543648278379],[2.244057185893952,41.467680184288895],[2.244230342098137,41.467807426113261],[2.244476099432136,41.467992882164701],[2.244804740061914,41.468247374342113],[2.245077845464062,41.468465408339405],[2.245368870552207,41.468701790266131],[2.245588724636704,41.46887751707343],[2.245769738450789,41.469021660961374],[2.246015959860294,41.469216403357535],[2.246163688926913,41.469329090688056],[2.246298505191564,41.469432793881211],[2.24644600512373,41.469541570121493],[2.246471186634441,41.469560443504676],[2.246496573399719,41.469579174108191],[2.246531416472718,41.469604488023656],[2.246566464917156,41.469629650147539],[2.246621672604848,41.469668914811301],[2.246677097991241,41.469708000725618],[2.246741626903578,41.469753118150003],[2.246806530669792,41.469797931740096],[2.24686413401142,41.469837175943631],[2.246921918817303,41.469876268179902],[2.246995343976865,41.469925695207834],[2.247068974800822,41.469974952393599],[2.247134910845383,41.470018565559059],[2.247201415320567,41.470061705013372],[2.247246114753784,41.470090136732388],[2.24730880936929,41.47012928792612],[2.247371903608017,41.470168063388627],[2.247431529320429,41.470204393126551],[2.247491251732009,41.470240651406478],[2.247536691052553,41.47026829519902],[2.247582299935614,41.470295777949104],[2.247613036839343,41.470313786677778],[2.2476795165778,41.470351872529172],[2.247746081051826,41.470389886836585],[2.247805481651633,41.47042397205918],[2.247864894601195,41.470458030309302],[2.247932141339059,41.470496094006357],[2.247999715123637,41.470533844542317],[2.248047408023206,41.470560304878113],[2.248095246431085,41.470586613019073],[2.248150823457615,41.470616871936251],[2.248206582450714,41.470646933852521],[2.248264129920461,41.470677682986597],[2.248328167844925,41.470711582066293],[2.248632450068115,41.470867993324845],[2.248684517443396,41.470893175894432],[2.24874649504283,41.470923007943703],[2.248808666900286,41.470952616042595],[2.248883279489265,41.470987601710121],[2.248958074280458,41.471022372340592],[2.249020338373712,41.471051269340535],[2.249082821089019,41.471079906518739],[2.249147825380568,41.471109010494288],[2.249213060791791,41.471137809689289],[2.249253156113697,41.471155437697504],[2.249292833684498,41.471172945868695],[2.249356021259336,41.471199677925647],[2.249461346552812,41.47124556445641],[2.249580032311074,41.471293943036969],[2.24970418100354,41.471345284539687],[2.249823769492152,41.47139226359895],[2.249946403919759,41.47144098281202],[2.250053122348498,41.471482446233694],[2.250107400379895,41.471501913851995],[2.250150805132279,41.471519229846926],[2.250179932441828,41.471530498850868],[2.2502190451874,41.471545102630742],[2.250241574478381,41.471553194028424],[2.250277728309049,41.471565796869456],[2.25031397992782,41.471578229195536],[2.250386397823892,41.471603228368309],[2.250442586151506,41.471623221699936],[2.250498737965611,41.471643268810531],[2.250536286337251,41.471656457131488],[2.250577094372676,41.471670495360677],[2.250618000199209,41.471684363071574],[2.250700080443897,41.471711658835908],[2.25078712901248,41.471740148860029],[2.250874373411159,41.471768279796819],[2.250972040409352,41.471799234809048],[2.251069964374372,41.471829723025614],[2.251142547667634,41.471851849431822],[2.251215327073626,41.471873589749912],[2.251284474857925,41.471893504899533],[2.251353695987917,41.471913294381011],[2.251513874086745,41.47195918474182],[2.251594165529569,41.471981721317839],[2.251634434134066,41.471992720161843],[2.251674813120649,41.472003494524493],[2.251693940924986,41.472008519000546],[2.251713068732312,41.472013543473409],[2.251856652372083,41.472051813213653],[2.251928640885375,41.472070512436019],[2.252000875265539,41.472088663759848],[2.252025810724124,41.472094797830422],[2.252053153094339,41.472100956554321],[2.252213810697108,41.472140642947075],[2.252233372073847,41.472145462981359],[2.252296558643893,41.472161015207362],[2.252379393059005,41.472181162784651],[2.252401703886859,41.47218642400955],[2.252427611069608,41.47219242018997],[2.252564526745391,41.472223232604648],[2.252703363899983,41.472255678674095],[2.253394313849505,41.472412030678377],[2.253998682483548,41.472544118508729],[2.25456540220505,41.472667699369552],[2.254754597842012,41.472708792156538],[2.254847121340719,41.472729036757691],[2.254861449927555,41.472209311835506],[2.254861112569041,41.472153067366676],[2.25486115995681,41.472137439812968],[2.254861085219841,41.4721136597597]]]]}},
{"type":"Feature","properties":{"gml_id":"barris.6","barris_id":6.0,"nom":"MONTIGALÀ                     ","nom_min":"Montigalà                     "},"geometry":{"type":"MultiPolygon","coordinates":[[[[2.231869431288264,41.469660830637487],[2.232128655068299,41.46884354350037],[2.232396013841168,41.468448388900498],[2.232746829193068,41.468137145113303],[2.232812047000532,41.46807522173652],[2.233145360221922,41.467666687871166],[2.233380932076518,41.467360384420019],[2.233408978044837,41.467327874390932],[2.23343678450018,41.46729536275857],[2.233464443580046,41.467265192068012],[2.233492461861134,41.467235023764502],[2.233657733258394,41.467046870012723],[2.233822987760144,41.466879378943773],[2.233954304804708,41.466787044764835],[2.234102714984266,41.466706479868833],[2.234125232855209,41.466695910973279],[2.234147869399453,41.46668543293778],[2.23442983389484,41.466536976104351],[2.234559358109528,41.466469651931888],[2.23467936532974,41.466397967745607],[2.234910545739785,41.466238966391423],[2.234926376925403,41.46622673152239],[2.234942568386168,41.4662144089733],[2.235048786547383,41.46613296770979],[2.235155244982974,41.466051437871101],[2.23537865686343,41.465891960562935],[2.235421668680917,41.465859549528012],[2.235454894064746,41.465834513560452],[2.235893209210709,41.465290540286134],[2.236724201976632,41.464169273536321],[2.236953888053169,41.463905880020349],[2.237225192851992,41.463594743441263],[2.238660128161797,41.461755097090837],[2.235954396524422,41.461103860067887],[2.236358904146922,41.460167629417661],[2.238143921674451,41.460385359192564],[2.238887697540096,41.458961704125571],[2.239542445210012,41.459166162343095],[2.239771874812956,41.459294071428722],[2.240190508672864,41.459453215890541],[2.240608000326676,41.4587832707711],[2.240679871602691,41.458667918649255],[2.240692678767183,41.458646772671109],[2.240710953271014,41.458614736763721],[2.240728690984455,41.4585825261683],[2.240762147673359,41.458520766851592],[2.240795019636188,41.458458832523561],[2.240821974312386,41.458407352792229],[2.240835075810638,41.458381497850255],[2.240847652079828,41.458355504328352],[2.240859259281659,41.458330468204608],[2.240876222355995,41.45829280297216],[2.240892815205754,41.458255054226555],[2.24090810761722,41.458219981111988],[2.240995246230811,41.458006953804414],[2.241198431760701,41.457490042503373],[2.239943266336362,41.456928121368705],[2.240888630873867,41.455177607537784],[2.241961367000261,41.453223683890506],[2.241931122055952,41.453204467202646],[2.241873370243244,41.453167137986284],[2.241835135317306,41.453142007377558],[2.241775771945442,41.453102226470065],[2.241717025079342,41.453061945179314],[2.241678178980324,41.453034819842557],[2.241631643429994,41.453001797956695],[2.241585542895702,41.452968436637441],[2.241555095221067,41.452945969444976],[2.241504426853643,41.452908020201896],[2.24145415717914,41.452869767312478],[2.241420909711496,41.452844074967082],[2.241352749860617,41.452790706633849],[2.241285181771192,41.452736909805886],[2.241228759619952,41.452691374241532],[2.241172663406375,41.452645615613342],[2.241135523433975,41.452614934398333],[2.241067356621392,41.45255809797986],[2.240999600217521,41.452500984997833],[2.240938192062548,41.452448768887443],[2.240876771929132,41.452396561671897],[2.24079999739702,41.452331516536596],[2.240723367832134,41.452266373224028],[2.240637401707211,41.452192872355113],[2.239968781094986,41.45162180622728],[2.239761015624214,41.451443364609091],[2.238857200508591,41.452216341787107],[2.238617653622168,41.452419135196429],[2.238384150072553,41.452616923952256],[2.238256332511899,41.452725247716948],[2.237945790017133,41.452988910187827],[2.237604332140582,41.45326479715861],[2.236333432930864,41.454300607713115],[2.235925503287134,41.454165407843078],[2.234844825270931,41.453821642043572],[2.233796370996752,41.453473306778768],[2.232169669863434,41.452940881854005],[2.231948741655589,41.452830758324112],[2.230580535626082,41.453074742547763],[2.230242029138401,41.453135073381134],[2.230215838952742,41.453139741120566],[2.230112926682284,41.453157724052581],[2.230063872802007,41.453166320017338],[2.23005570295568,41.453167751659443],[2.229944028233341,41.453187260971767],[2.229366902537474,41.453288081562953],[2.228950365079829,41.453362699800863],[2.227794385375576,41.453567595105696],[2.227780092418246,41.453570128425625],[2.227714974126128,41.453580200639522],[2.227423700762004,41.45359149435874],[2.227184478646342,41.453570016719986],[2.226811315085627,41.453514580866631],[2.226455769458384,41.454468637020724],[2.226079670346396,41.455514042272711],[2.225101586354596,41.455304653868126],[2.224946284918929,41.455275504174999],[2.224790624464886,41.455246351851891],[2.224730852448505,41.455238562850177],[2.224662284559427,41.455245486735194],[2.224607931139009,41.455255208646321],[2.224548873740364,41.455277869540126],[2.224498314826872,41.455310766123148],[2.22446328781798,41.455336381311419],[2.224045328732246,41.455706290371936],[2.223627125454079,41.456076196251381],[2.223082521362721,41.455690783092187],[2.222545965614902,41.455307700605196],[2.221210050683999,41.456372341086031],[2.218366242216828,41.458425069870856],[2.218364621247568,41.458424513174698],[2.21809619865356,41.4586179916273],[2.218248325239652,41.458891337143328],[2.218249649651756,41.458891055703496],[2.21828215453177,41.458952122272422],[2.218274664487386,41.459054964455767],[2.21827759725064,41.459145853959924],[2.218259552285915,41.459263357868018],[2.218244461583173,41.459478153123342],[2.218315042026509,41.459753549071799],[2.218612530416093,41.460052962443569],[2.21863048751872,41.460061234120104],[2.21906610056845,41.460203159496132],[2.219359897050046,41.460256586470656],[2.21974861933326,41.460274392728024],[2.220075662066589,41.460337321071535],[2.220390048178735,41.460425293460972],[2.220582709408089,41.460521150356435],[2.220863440696759,41.460775855335804],[2.220887033855388,41.460866876359617],[2.220942560795859,41.461081095045486],[2.220913183507926,41.46133941863922],[2.220876619662207,41.461418147588375],[2.22082114749634,41.461537589410241],[2.220777244723479,41.461605941237181],[2.220607946053653,41.461869519270763],[2.220459092311788,41.462077095712175],[2.220447131627238,41.462088607932287],[2.220004635631546,41.462407947551426],[2.220007292420865,41.462737565816418],[2.220009795669617,41.462785233401902],[2.220005982139193,41.463103216261146],[2.220031927849163,41.463522814472348],[2.220159539059348,41.464075132993081],[2.220443602915892,41.464496480849895],[2.221027458721027,41.46488878310489],[2.221694672629919,41.465219513186661],[2.224642068478131,41.466511881791284],[2.23048780675762,41.469074742071747],[2.230505002330927,41.469071812604149],[2.230517076488465,41.469070560282375],[2.230530679375928,41.469070669300045],[2.230541764978254,41.469071995493103],[2.230555233806481,41.469075337276372],[2.230566397445083,41.469079177060493],[2.230576043619501,41.469082727462279],[2.23058437568376,41.469086007857278],[2.230598697489529,41.469092156650319],[2.230609200652311,41.469097162977299],[2.230616937440451,41.469101159981925],[2.230628262307035,41.469107567954389],[2.230639269442835,41.469114514245916],[2.230650912124514,41.469122401559495],[2.230660817924347,41.469129313459945],[2.230677498546616,41.469141567039358],[2.230689482252526,41.469150996899572],[2.230698174366002,41.469158260975959],[2.230710734642135,41.469169568234463],[2.230716796681921,41.469175436582638],[2.230722724977774,41.469181475177081],[2.230737731901137,41.469197536701337],[2.230748365495632,41.469209740819572],[2.230755847631504,41.469219068506689],[2.230761116520533,41.469226183579892],[2.23076748140026,41.469235810046477],[2.230771934913413,41.469242000908807],[2.230779134542366,41.469252939033844],[2.230785443898064,41.469264222494097],[2.23079842350979,41.469290701049026],[2.230817160684399,41.469330567107775],[2.230838760449264,41.46937546043354],[2.230852078955273,41.469397590662403],[2.230855147628116,41.46940442980268],[2.230857135602299,41.469411513923973],[2.230858158168137,41.469422257610994],[2.230857922568714,41.469431038273626],[2.230855551083057,41.469457387144381],[2.230853521334579,41.469492304360067],[2.230851635279389,41.469527222536399],[2.230852295855157,41.469541233497281],[2.2308543257841,41.469551857816462],[2.230856870433414,41.469560476922155],[2.230859261353393,41.469566906195844],[2.230863543116532,41.469576482696901],[2.230868604085877,41.469585992348897],[2.230876049951225,41.469598391316346],[2.230882967358253,41.469608895190554],[2.230889316333648,41.469617845986562],[2.230895117523403,41.469625523072672],[2.230905776593052,41.46963861908052],[2.230914225658458,41.46964821443725],[2.230927603241736,41.46966231943702],[2.23094184599009,41.469676178012094],[2.23095586139537,41.469689008219035],[2.230966564483625,41.469698384449629],[2.230983012293552,41.469712113643951],[2.231000027074888,41.469725495337023],[2.23100933522738,41.469732322143919],[2.231017710057781,41.469738070826814],[2.231032719789162,41.469747836140662],[2.231055505582784,41.469762337298214],[2.231066758271356,41.46976979861244],[2.231081443909881,41.469778615973752],[2.231104229725108,41.469793117121654],[2.231115482424622,41.469800578431098],[2.231132759907999,41.469813016080927],[2.231140334844058,41.469819570075835],[2.23114491169353,41.469825464502442],[2.231147545812786,41.46983259797441],[2.231154597969845,41.469853992706838],[2.231159426663624,41.469867959467202],[2.231163655452365,41.469882021298922],[2.231167638558229,41.469898630588972],[2.23117241440743,41.469921118017417],[2.231179734472782,41.46994618956721],[2.231184972576912,41.469965032078548],[2.231188649368121,41.469979189301114],[2.231193690757162,41.470000489523464],[2.231197964488257,41.4700218927035],[2.23120382716821,41.47005577277676],[2.231215540180993,41.470108373347152],[2.231218890189275,41.470125861130477],[2.231221532730026,41.470143425251877],[2.231225846262106,41.470178682112049],[2.231228933435875,41.470202194103692],[2.231231086317289,41.470215593522738],[2.231232814946083,41.470224360291006],[2.231236860530234,41.47023872714702],[2.231239884838146,41.470246286573079],[2.231244626853752,41.470255433778547],[2.231252048394355,41.47026585092437],[2.231259629512333,41.470272900360349],[2.231270787045979,41.470280315980602],[2.231286190519888,41.470288192332944],[2.23130023276311,41.47029471748003],[2.231312138607567,41.470299616019091],[2.231326273632345,41.470303358489552],[2.231336459492772,41.470303822887224],[2.231352208477892,41.470301721315977],[2.231364481636041,41.470298848898899],[2.231373831454231,41.470296083049206],[2.231387491456477,41.470291382383166],[2.231485145489216,41.470253564206203],[2.231991027592156,41.470010959483652],[2.231891666748673,41.469843577605829],[2.231869431288264,41.469660830637487]]]]}},
{"type":"Feature","properties":{"gml_id":"barris.9","barris_id":10.0,"nom":"PUIGFRED                      ","nom_min":"Puigfred                      "},"geometry":{"type":"MultiPolygon","coordinates":[[[[2.21809619865356,41.4586179916273],[2.218364621247568,41.458424513174698],[2.218366242216828,41.458425069870856],[2.221210050683999,41.456372341086031],[2.222545965614902,41.455307700605196],[2.223082521362721,41.455690783092187],[2.223627125454079,41.456076196251381],[2.224045328732246,41.455706290371936],[2.22446328781798,41.455336381311419],[2.224498314826872,41.455310766123148],[2.224548873740364,41.455277869540126],[2.224607931139009,41.455255208646321],[2.224662284559427,41.455245486735194],[2.224730852448505,41.455238562850177],[2.224790624464886,41.455246351851891],[2.224946284918929,41.455275504174999],[2.225101586354596,41.455304653868126],[2.226079670346396,41.455514042272711],[2.226455769458384,41.454468637020724],[2.226811315085627,41.453514580866631],[2.226627500934093,41.453465065052846],[2.226453779287807,41.453401511159264],[2.226103022012161,41.453209868923565],[2.225395380419815,41.452844960182659],[2.224890645246284,41.45261963405656],[2.22446763972888,41.452404161543114],[2.223983811474681,41.452120910345805],[2.223810035961558,41.451975077995719],[2.223200774653685,41.452417256791222],[2.223168796894415,41.452439262187774],[2.223160510681142,41.452445385330783],[2.223152163963627,41.452451562109239],[2.223143904163722,41.452457478258069],[2.223135549773394,41.452463294685366],[2.223127039214458,41.452469155094477],[2.223118553242236,41.452474961624276],[2.223103517523079,41.452485849150229],[2.223088313767769,41.452496771568875],[2.223075343738517,41.452505114928741],[2.223062090692199,41.452513096077169],[2.223050574445671,41.452520008062749],[2.223038796544584,41.452526774160347],[2.223030616373399,41.452531033467721],[2.223016070146606,41.452538024062306],[2.223001549042907,41.452544915742763],[2.222981124249534,41.452554920143939],[2.222960579842409,41.452564914725869],[2.22294352058264,41.452572807092601],[2.222926201710596,41.452580382441894],[2.222891176425077,41.452594899992441],[2.222861583306364,41.452606688950489],[2.222831731752644,41.452618061811826],[2.222811638045334,41.452625402214331],[2.222785895984686,41.452634523948426],[2.222759883736559,41.452643211493168],[2.222742291468266,41.452648614171203],[2.222710562442584,41.452657794509435],[2.22267881097154,41.452666848582886],[2.222656345659378,41.452673272184043],[2.222640862274434,41.452677527139009],[2.222631636393759,41.452680121978879],[2.222592699830234,41.452689307612438],[2.22257477357389,41.452692600263568],[2.222562816514515,41.452693312093579],[2.222547888387476,41.452695183814626],[2.222356471829647,41.452705221082986],[2.222318614870424,41.452707216969458],[2.221688852413131,41.45274799415197],[2.221668607582265,41.452748938041267],[2.221623859940833,41.452751472550673],[2.221579112296199,41.452754007042671],[2.221534360660959,41.452756874765988],[2.221489610530877,41.452759616377726],[2.221480725707779,41.452759718369727],[2.221471835595195,41.452759261863221],[2.221454075533151,41.452757664418215],[2.221442008643769,41.452756546875484],[2.221430004091482,41.452755222582105],[2.221415424034446,41.452753016136697],[2.22140256280668,41.452750244848644],[2.221371288457643,41.452742421826038],[2.221361726736284,41.452739060364529],[2.221350813734886,41.45273456382219],[2.221343289009222,41.452731063023421],[2.221331385385092,41.452725307736529],[2.221319481763061,41.452719552448407],[2.221289781468622,41.452700255559009],[2.221194032703765,41.452637635952229],[2.220971284718769,41.452492638651307],[2.220928638167806,41.452464696894332],[2.220896317322016,41.452444301256179],[2.220683187705466,41.452306034061692],[2.220621528418108,41.45226616359249],[2.220438214372062,41.452147353303907],[2.220422537477711,41.452157927437746],[2.220413388068293,41.452143029695556],[2.218247509350002,41.453587577070607],[2.218913104375078,41.454162396312661],[2.21899341187179,41.454323641988282],[2.218992278920084,41.454418016657833],[2.219077881485711,41.454493243672779],[2.219114563765682,41.454566895623863],[2.219919084979209,41.455276430038133],[2.216700814782146,41.457343938575157],[2.216728372164904,41.457368218418253],[2.216303053752563,41.457641152922555],[2.217259782146292,41.457927277202423],[2.217424811474086,41.457981818475048],[2.217532693305627,41.458076866695791],[2.217799457420656,41.458311654691343],[2.21809619865356,41.4586179916273]]]]}},
{"type":"Feature","properties":{"gml_id":"barris.7","barris_id":8.0,"nom":"MORERA                        ","nom_min":"Morera                        "},"geometry":{"type":"MultiPolygon","coordinates":[[[[2.244745500206717,41.461923914720771],[2.244669528249095,41.462140202086289],[2.244470602025201,41.462725493615395],[2.244406719170954,41.462873848825659],[2.244366030374221,41.462971347855358],[2.244325489622504,41.463056095710947],[2.244279100755227,41.463157807967136],[2.244221410844889,41.463259445943933],[2.244152222233669,41.463378011166071],[2.244054188129975,41.463547395281871],[2.243962100485155,41.463691314138643],[2.243898759104817,41.463792914797374],[2.243835417525262,41.463894515418581],[2.243778405408907,41.463980638198699],[2.24373811095312,41.464035767628062],[2.243707840513811,41.464081375469583],[2.243668685786579,41.464139960303051],[2.243622690601514,41.46420766919136],[2.243559545948021,41.464292268111961],[2.243519398860305,41.46434301258104],[2.243462250625351,41.464397895919497],[2.243410851747498,41.464444315630104],[2.243342550591374,41.464486373415077],[2.243274348268504,41.464519930390765],[2.24318914473288,41.464557626168869],[2.243092639974555,41.464595247513031],[2.243001686714214,41.464641406732888],[2.242921886014518,41.464700391418852],[2.242595595519036,41.465059553498648],[2.242102008379705,41.46474174961503],[2.241917075479944,41.464608758869048],[2.241117902531755,41.465320564572536],[2.240932192335375,41.46547176279249],[2.240653625096314,41.465719609899367],[2.240815634472899,41.465797476688643],[2.240874860924214,41.465827348909144],[2.240914567827718,41.46584700395946],[2.241007136039733,41.465891967413604],[2.241099704485177,41.465936921786756],[2.241175383653404,41.465974072318005],[2.241250965644753,41.466011348261937],[2.241308043791713,41.466039611771109],[2.241364976408515,41.466068036425511],[2.24140277375007,41.466087165287476],[2.241474555505272,41.466123794506444],[2.241546325052267,41.466160450621985],[2.241633916929734,41.466205038470072],[2.241721290558405,41.46624986801249],[2.241762115454535,41.466271250556545],[2.241802746376814,41.466292838978077],[2.241883887091403,41.466336141083204],[2.241977300447868,41.46638576615927],[2.24207068978891,41.466435409015332],[2.242128612333501,41.466466289831232],[2.242186292616672,41.466497412221962],[2.242224523844913,41.466518399199693],[2.242293256829596,41.466556746249722],[2.242361808079525,41.466595281217074],[2.242431608511309,41.466634526949989],[2.242501263763701,41.466673906795343],[2.242542791593683,41.466697698671425],[2.242584089427079,41.466721705195965],[2.242666236895959,41.466770165620154],[2.242747677695939,41.466818648354753],[2.242828937011804,41.466867300977377],[2.24290223772507,41.466911433473093],[2.242975320695193,41.466955762651764],[2.243037743650337,41.466994112757902],[2.243099767231247,41.467032829505975],[2.243140886439602,41.467058843308351],[2.243217674613796,41.467107925610044],[2.243294136245102,41.467157293949008],[2.2433734942427,41.467208870093621],[2.243543890841111,41.467317818751873],[2.244035827763289,41.46711524246016],[2.245112048902116,41.46674991702313],[2.24541707220299,41.466628678974175],[2.245553890276696,41.466571658758781],[2.24567048812858,41.466523423120826],[2.245873474357043,41.466427636150712],[2.24589933313438,41.46641380815614],[2.245937355734932,41.466394024928661],[2.246044545664327,41.46634122352021],[2.24615149593911,41.466288420440989],[2.246869891068025,41.465935622015273],[2.247588398200979,41.465582819829855],[2.247720945433637,41.465511627439142],[2.247803976369034,41.465455964145782],[2.247886889507014,41.465400119873458],[2.247952535000489,41.465356682958046],[2.248018533374802,41.465313788757655],[2.2481537233028,41.46520036832063],[2.248328219311494,41.4650326196086],[2.248451911053636,41.464888228203506],[2.248527702942011,41.464774959632393],[2.24856244339672,41.464711594179626],[2.248596825609944,41.464648136301165],[2.24868205204772,41.464495566807713],[2.248767284325321,41.464342456840484],[2.248798116849931,41.464295999749858],[2.24882895765351,41.464248822110648],[2.248871534638492,41.464191182418546],[2.248914471799115,41.464133454988023],[2.248956475134713,41.46409436681666],[2.248998479460004,41.464055188562021],[2.24903443136557,41.464021645453585],[2.249070017783309,41.463988640393197],[2.249210341545423,41.463886511499723],[2.24929206779515,41.463839846034006],[2.249401626840857,41.463788678288076],[2.249514802752339,41.46373537225535],[2.249610085814751,41.463686453089828],[2.2497108416101,41.463609466372773],[2.249738081503815,41.463583702673326],[2.249765326571401,41.463557488629768],[2.249792997324179,41.463525512602729],[2.249820786746573,41.463493627417215],[2.249882175422711,41.463393324760808],[2.249914618301556,41.463300579690276],[2.249901889313109,41.462909214005144],[2.249889272904727,41.462518479546148],[2.249890393978421,41.46205793699972],[2.249869047161261,41.461936197476881],[2.24982741025611,41.461808741003289],[2.249702023646224,41.461426188220159],[2.249654449316251,41.461138811038694],[2.249687301809603,41.461041735350314],[2.249805579940805,41.460914408024848],[2.249840183848435,41.460842644280859],[2.249840278486101,41.46071242869295],[2.249883154676883,41.46065554024473],[2.249941789547216,41.460476215327489],[2.249996285743513,41.460350555419218],[2.250144436292483,41.460118006587166],[2.250249051819364,41.459978355458396],[2.25033242866477,41.459884718620721],[2.25038478650928,41.459825962842977],[2.250509004399488,41.459704918214143],[2.250639048197513,41.459588017848489],[2.250755679642369,41.459491919247903],[2.250970377416289,41.459335130426034],[2.25121630725767,41.459186623514086],[2.251482880143306,41.459079716549709],[2.251722599342835,41.458996380202549],[2.251913185564962,41.458946040229179],[2.25234072918767,41.458846067577603],[2.252548155905971,41.458797630397974],[2.252867005782308,41.458767621400888],[2.253251217757619,41.458619704465598],[2.253175926569369,41.458602656348681],[2.252479203314796,41.458446715197745],[2.252140995855374,41.45837192563426],[2.252106228689584,41.4583642864417],[2.251989253081721,41.458335656726398],[2.251872432808089,41.458307063931912],[2.251755849708058,41.458278679732409],[2.251639218406005,41.458250331130479],[2.251565277622818,41.458231970235786],[2.251491570684489,41.458213061361768],[2.251442543509372,41.458200194924828],[2.251377321030945,41.458182746357473],[2.251290534158101,41.458159068349779],[2.251245182137828,41.458146270789911],[2.251200086952323,41.458133006497597],[2.251170162202352,41.45812390331367],[2.251130421027225,41.458111520551654],[2.251077668885488,41.458094612388571],[2.251007662741286,41.458071484799319],[2.250957222101241,41.458054528581663],[2.250906903910611,41.458037338945999],[2.250873476793493,41.458025654761521],[2.250829142907903,41.458009720073427],[2.250803926812875,41.458000359226851],[2.250775280466319,41.457989426750373],[2.250742788878164,41.457976568647908],[2.250682901531835,41.457952317797243],[2.250623171430333,41.457927932828198],[2.250563228046979,41.457903357282028],[2.250503296681682,41.457878781782725],[2.250482106926548,41.45787018571297],[2.25046088136316,41.457861580398507],[2.250439811241052,41.457852994108016],[2.250418753823673,41.457844344844368],[2.250394028068919,41.457834005292611],[2.250369436407624,41.457823459438494],[2.250320749277837,41.457801911569369],[2.250288481651383,41.457787298347526],[2.250245615683877,41.45776765293067],[2.250205468578743,41.457748971003369],[2.250165589045761,41.457729930508947],[2.250139168820091,41.457717021742916],[2.250104168436668,41.457699544302095],[2.250091910462141,41.457693069098546],[2.25008000291244,41.457686316948035],[2.250061323084353,41.457676043767648],[2.250042643158322,41.457665779590997],[2.250023983652265,41.457655821797275],[2.250005155394294,41.457645961981875],[2.249896744741823,41.457589147668045],[2.249869682551099,41.457574811477762],[2.249829404104256,41.457553002980966],[2.249809381122843,41.457541883306945],[2.249789527737005,41.457530593594349],[2.249743477231438,41.457503676230004],[2.249675138255798,41.457462750997777],[2.249606870577535,41.457421880234278],[2.24951549127121,41.457367788832613],[2.249424100352272,41.457313679266854],[2.24929809470414,41.457238815749122],[2.249267591709988,41.457218665174956],[2.249177868301296,41.457165349942805],[2.24905187519622,41.457090486234094],[2.248925870512742,41.457015613302737],[2.248833904541387,41.456960580748706],[2.248696621274714,41.456877437132079],[2.248559470991272,41.456794213151582],[2.248427311296484,41.456714175840951],[2.248328209560306,41.456654158551515],[2.248096851888885,41.456514228955939],[2.247975125709435,41.456441265496643],[2.247853133705111,41.456368534362056],[2.247633131962824,41.456237631481137],[2.247413143494971,41.456106692231707],[2.247308922089288,41.45604420115658],[2.247153043483263,41.455950107035726],[2.247075091803739,41.455903109355049],[2.24699698282601,41.455856263717543],[2.246877499117645,41.45578527738693],[2.246697754130815,41.455679235618106],[2.246607948642762,41.455626133999125],[2.246518337463564,41.455572808396198],[2.246343526963796,41.455467762191034],[2.246168764916849,41.455362716034678],[2.246076586237778,41.455307841990219],[2.245984456646485,41.455252878118451],[2.245968416995823,41.455243225073723],[2.245952425551388,41.455233545320453],[2.245936434320526,41.455223847551473],[2.24592044309443,41.455214149780254],[2.245865573440565,41.45518192168381],[2.245810367997202,41.45514974540361],[2.24575521446504,41.455117227154261],[2.245700047658274,41.455084825887845],[2.245679709268991,41.455073153964562],[2.245659226387081,41.455061553149477],[2.245638600579274,41.455049888341165],[2.245617939071689,41.455038205280069],[2.245582054598212,41.455017694150115],[2.245546193882487,41.454997201179602],[2.245510201915066,41.454976671306994],[2.245474149379026,41.45495620407771],[2.245447110860486,41.454940914450404],[2.245190665307097,41.455338087987208],[2.245934724071915,41.45647961764756],[2.246180387491946,41.456884851391564],[2.24645307644733,41.457282965621758],[2.246468852403714,41.457306128023639],[2.246596672637392,41.4574822118649],[2.246483917407284,41.45762039063677],[2.246365033601923,41.457823267360332],[2.246282159184485,41.45801289281264],[2.246246550815226,41.458146182032102],[2.246141158008688,41.458577079390238],[2.245826748093767,41.459871131019916],[2.245414044562161,41.460643771945556],[2.245025360171223,41.461352844839915],[2.244859260247312,41.461659352775875],[2.244745500206717,41.461923914720771]]]]}},
{"type":"Feature","properties":{"gml_id":"barris.8","barris_id":7.0,"nom":"BUFALÀ                        ","nom_min":"Bufalà                        "},"geometry":{"type":"MultiPolygon","coordinates":[[[[2.241117902531769,41.465320564572558],[2.241917075479949,41.464608758869048],[2.242102008379709,41.464741749615051],[2.242595595519052,41.465059553498627],[2.242921886014527,41.464700391418852],[2.243001686714218,41.464641406732895],[2.243092639974557,41.464595247513024],[2.243189144732884,41.464557626168848],[2.243274348268516,41.464519930390779],[2.243342550591378,41.464486373415077],[2.243410851747503,41.464444315630111],[2.243462250625363,41.464397895919546],[2.243519398860303,41.46434301258104],[2.243559545948033,41.464292268111961],[2.243622690601527,41.46420766919136],[2.243668685786585,41.464139960303079],[2.243707840513823,41.464081375469604],[2.243738110953126,41.464035767628069],[2.243778405408928,41.463980638198727],[2.24383541752526,41.463894515418623],[2.243898759104816,41.463792914797402],[2.243962100485154,41.463691314138643],[2.244054188129994,41.463547395281871],[2.24415222223369,41.463378011166057],[2.24422141084489,41.463259445943933],[2.244279100755249,41.463157807967164],[2.244325489622519,41.463056095710954],[2.244366030374217,41.462971347855387],[2.244406719170965,41.462873848825659],[2.244470602025211,41.462725493615409],[2.244669528249118,41.462140202086296],[2.244745500206733,41.461923914720764],[2.244859133644929,41.461659569029493],[2.245023084773501,41.461356995781209],[2.24502536017125,41.461352844839929],[2.245414044562165,41.46064377194557],[2.245826748093776,41.459871131019931],[2.246141158008694,41.45857707939026],[2.246246550815227,41.458146182032124],[2.246282159184485,41.458012892812661],[2.246365033601931,41.457823267360347],[2.246483917407283,41.45762039063677],[2.246596672637398,41.457482211864892],[2.246468852403714,41.457306128023646],[2.246453076447331,41.457282965621758],[2.246180387491935,41.456884851391564],[2.245934724071912,41.456479617647581],[2.245190665307105,41.455338087987222],[2.245447110860502,41.454940914450404],[2.245404028967927,41.454916552655739],[2.245351296242353,41.454886968504802],[2.245271839681367,41.454842968199365],[2.245231923106104,41.45482120548732],[2.245191812811181,41.454799630646271],[2.245141645795984,41.454772855543816],[2.245091406676716,41.454746106968287],[2.245072129673985,41.454735847064136],[2.24497893735186,41.454688000289366],[2.244923887467246,41.454660031075996],[2.244868837630052,41.454632061836357],[2.244813728607887,41.454604038136864],[2.244758461174782,41.454576256571492],[2.24470962699771,41.454552273330918],[2.244660648461529,41.454528352173455],[2.244611898055533,41.454504378448661],[2.244563183287521,41.454480431959432],[2.244543121159753,41.454470779314974],[2.244532940501392,41.454465947505042],[2.244522699880408,41.454461124307791],[2.244417437443653,41.454411414314407],[2.244312186616937,41.454361749337451],[2.244260719995859,41.454337658533618],[2.244183107074626,41.45430203749833],[2.244105032713809,41.454266980846469],[2.244068201852624,41.454250714532883],[2.244031323227117,41.454234438886047],[2.243994684162222,41.454218155794521],[2.243958045011043,41.454201881698147],[2.243753283785696,41.454110452044205],[2.243548535004967,41.454019031112395],[2.24334383458416,41.453927619139073],[2.243139135054971,41.45383617978235],[2.243089803565029,41.453813876967949],[2.243016255114189,41.453779930250775],[2.24294287602234,41.453745840481943],[2.242842931173422,41.453699271607796],[2.242829872856197,41.453693106394404],[2.242743327024328,41.45365224550968],[2.242687678839836,41.453625433238216],[2.242646155802456,41.45360501916695],[2.242584295025457,41.45357399548756],[2.242522822227515,41.453542559987483],[2.242474100741004,41.453517261445342],[2.242401405611155,41.453478978363847],[2.24234750356832,41.453450294872539],[2.242306607252818,41.453428515674602],[2.24226612293376,41.453406315826449],[2.242214429156618,41.453377187441347],[2.242163207673332,41.453347602765149],[2.242129354852665,41.453327581329525],[2.242076473140205,41.453295607708419],[2.242024039259552,41.453263222671673],[2.241989297246638,41.453241429874808],[2.241961367000261,41.453223683890506],[2.240888630873867,41.455177607537784],[2.239943266336362,41.456928121368705],[2.241198431760701,41.457490042503373],[2.240995246230811,41.458006953804414],[2.24090810761722,41.458219981111988],[2.240892815205754,41.458255054226555],[2.240876222355995,41.45829280297216],[2.240859259281659,41.458330468204608],[2.240847652079828,41.458355504328352],[2.240835075810638,41.458381497850255],[2.240821974312386,41.458407352792229],[2.240795019636188,41.458458832523561],[2.240762147673359,41.458520766851592],[2.240728690984455,41.4585825261683],[2.240710953271014,41.458614736763721],[2.240692678767183,41.458646772671109],[2.240679871602691,41.458667918649255],[2.240608000326676,41.4587832707711],[2.240190508672864,41.459453215890541],[2.239771874812956,41.459294071428722],[2.239542445210012,41.459166162343095],[2.238887697540096,41.458961704125571],[2.238143921674451,41.460385359192564],[2.236358904146922,41.460167629417661],[2.235954396524422,41.461103860067887],[2.238660128161797,41.461755097090837],[2.237225192851992,41.463594743441263],[2.236953888053169,41.463905880020349],[2.237064619817283,41.463959722396062],[2.237561795605354,41.464203526606887],[2.237865438942555,41.464352450213568],[2.237922489469258,41.464380778286063],[2.237979612943541,41.464409016739069],[2.23807112274806,41.464454029608248],[2.238162766184462,41.46449889016283],[2.238254557336198,41.464543418347226],[2.238346360587701,41.464587946537868],[2.238444552215184,41.464636074888205],[2.23856046790411,41.464693291891791],[2.238833569457201,41.464825743307017],[2.23892279085149,41.464869938687428],[2.23899646983999,41.464905888448563],[2.239070136620152,41.464941865103569],[2.23917011338242,41.464991031486186],[2.239270102270026,41.465040197861335],[2.239362614396138,41.465085666695096],[2.23945513883646,41.465131117520407],[2.239546964426167,41.465175924122782],[2.239638778063535,41.465220739579586],[2.239724670290273,41.465262993741938],[2.239810526286006,41.465305283629775],[2.239909657496221,41.465354146530444],[2.240008788855715,41.465403009345934],[2.240103207319261,41.46544939091806],[2.240197638102182,41.465495754478539],[2.240282811463085,41.465538102553381],[2.240367936513296,41.465580495282715],[2.240457413442348,41.46562452000903],[2.240556062373613,41.465672721620898],[2.240653625096326,41.465719609899367],[2.240932192335383,41.465471762792518],[2.241117902531769,41.465320564572558]]]]}},
{"type":"Feature","properties":{"gml_id":"barris.10","barris_id":32.0,"nom":"CASAGEMES                     ","nom_min":"Casagemes                     "},"geometry":{"type":"MultiPolygon","coordinates":[[[[2.248080874112371,41.456504651790034],[2.248559470991272,41.456794213151582],[2.248696621274714,41.456877437132079],[2.248833904541387,41.456960580748706],[2.248925870512742,41.457015613302737],[2.24905187519622,41.457090486234094],[2.249177868301296,41.457165349942805],[2.249267591709988,41.457218665174956],[2.24929809470414,41.457238815749122],[2.249424100352272,41.457313679266854],[2.24951549127121,41.457367788832613],[2.249606870577535,41.457421880234278],[2.249675138255798,41.457462750997777],[2.249743477231438,41.457503676230004],[2.249789527737005,41.457530593594349],[2.249809381122843,41.457541883306945],[2.249829404104256,41.457553002980966],[2.249869682551099,41.457574811477762],[2.249896744741823,41.457589147668045],[2.250005155394294,41.457645961981875],[2.250023983652265,41.457655821797275],[2.250042643158322,41.457665779590997],[2.250061323084353,41.457676043767648],[2.25008000291244,41.457686316948035],[2.250091910462141,41.457693069098546],[2.250104168436668,41.457699544302095],[2.250139168820091,41.457717021742916],[2.250165589045761,41.457729930508947],[2.250205468578743,41.457748971003369],[2.250245615683877,41.45776765293067],[2.250288481651383,41.457787298347526],[2.250320749277837,41.457801911569369],[2.250369436407624,41.457823459438494],[2.250394028068919,41.457834005292611],[2.250418753823673,41.457844344844368],[2.250439811241052,41.457852994108016],[2.25046088136316,41.457861580398507],[2.250482106926548,41.45787018571297],[2.250503296681682,41.457878781782725],[2.250563228046979,41.457903357282028],[2.250623171430333,41.457927932828198],[2.250682901531835,41.457952317797243],[2.250742788878164,41.457976568647908],[2.250775280466319,41.457989426750373],[2.250803926812875,41.458000359226851],[2.250829142907903,41.458009720073427],[2.250873476793493,41.458025654761521],[2.250906903910611,41.458037338945999],[2.250957222101241,41.458054528581663],[2.251007662741286,41.458071484799319],[2.251077668885488,41.458094612388571],[2.251130421027225,41.458111520551654],[2.251170162202352,41.45812390331367],[2.251200086952323,41.458133006497597],[2.251245182137828,41.458146270789911],[2.251290534158101,41.458159068349779],[2.251377321030945,41.458182746357473],[2.251442543509372,41.458200194924828],[2.251491570684489,41.458213061361768],[2.251565277622818,41.458231970235786],[2.251639218406005,41.458250331130479],[2.251755849708058,41.458278679732409],[2.251872432808089,41.458307063931912],[2.251989253081721,41.458335656726398],[2.252106228689584,41.4583642864417],[2.252140995855374,41.45837192563426],[2.252479203314796,41.458446715197745],[2.253175926569369,41.458602656348681],[2.253290977529588,41.458628707161957],[2.254526343903068,41.457973816925453],[2.255241477515501,41.457550876016583],[2.255459558004047,41.457409934470256],[2.255552706466945,41.457337090805709],[2.255608359161247,41.457286829230668],[2.255848819546203,41.457051399671542],[2.256436444553875,41.456446117383024],[2.256449191397875,41.456432904815493],[2.256510985907858,41.456362649966671],[2.256901734746223,41.455957759901715],[2.257689220283306,41.455940785973517],[2.258438017130494,41.455930393852654],[2.258832068236624,41.455928970624839],[2.259111256759938,41.455920591047317],[2.259355409716694,41.455918713733482],[2.259810207633812,41.455924010558419],[2.260038071313039,41.455954210864363],[2.260240879612315,41.455994554689788],[2.260408185796621,41.456046667601399],[2.260479295462337,41.456079191659555],[2.260550398032756,41.45611234614821],[2.260611350884626,41.456143093361632],[2.260672064349785,41.456173839002496],[2.260826647374077,41.456267790057311],[2.261025731958868,41.456396795748759],[2.261132637538902,41.456471884500473],[2.261239545414016,41.456546793017225],[2.261229726371202,41.456453061585705],[2.261273675941091,41.456335337684301],[2.26159402244461,41.455535068170839],[2.261587279517296,41.45552932299406],[2.261557971917956,41.455503805777695],[2.261543125141375,41.45549117203079],[2.261527940287941,41.455478788317826],[2.261471379130014,41.455433504782803],[2.261442730516768,41.455411117351481],[2.261428152706763,41.45540010665642],[2.261413345590793,41.455389256619689],[2.261384469457457,41.455368984458993],[2.261362464847423,41.455354070841857],[2.261295749230112,41.455309982996887],[2.261282769293721,41.455301657762206],[2.261236154667837,41.455273534156809],[2.261224621940572,41.455266398192428],[2.261207745867041,41.455255345672946],[2.261199573724608,41.455249600439345],[2.261191631303794,41.455243658518292],[2.261175647515739,41.4552309993989],[2.2611619707671,41.455219724238979],[2.261138528167023,41.45519965808743],[2.261103924934419,41.455169215669301],[2.26108656909795,41.455154025633661],[2.261068984061069,41.455138987248112],[2.260986635415204,41.455069325674522],[2.260944978644332,41.455034811526673],[2.260923824676783,41.455017759524267],[2.26090239321444,41.455000894889501],[2.26088505189324,41.454988650348085],[2.260874613723643,41.454982133893019],[2.260855736613012,41.454971230585642],[2.260826979732537,41.454955246589627],[2.260812885506129,41.454947004208634],[2.260799274872586,41.454938350594219],[2.260747029805515,41.454903173779087],[2.260695050943685,41.454867755451488],[2.260637494436465,41.454827977647334],[2.260580360910754,41.454787860252679],[2.260561040554929,41.454773828463615],[2.260544456769237,41.454761309513422],[2.260515891249171,41.454739039478198],[2.260473411223405,41.454705366558308],[2.260451965962711,41.454688681898027],[2.260430182323301,41.454672274286757],[2.260413578015066,41.454660511810033],[2.260398629614469,41.454650534452597],[2.26034525900973,41.454616458123517],[2.260332115620244,41.454607789445184],[2.260322433133354,41.454601160706098],[2.260308253833841,41.454590936078453],[2.260294629960297,41.454580300681769],[2.260243871283527,41.454538701890286],[2.260193209164762,41.4544970406454],[2.260143971757699,41.454456442419783],[2.260094674040681,41.454415888821558],[2.260086059157382,41.454409086786704],[2.260077712458538,41.454402916998554],[2.260069694725519,41.45439729878148],[2.260054210161655,41.454387101748011],[2.260040288171015,41.454378473059975],[2.25999043161287,41.454349166108862],[2.259978040182864,41.454341763272623],[2.259959815413363,41.454330377648411],[2.259950926600798,41.45432450164752],[2.259942231082765,41.454318473763252],[2.259888775306021,41.454280343575348],[2.259835742503395,41.454241873801635],[2.259789758066426,41.454207935071118],[2.259743882346949,41.454173915954698],[2.259696379645534,41.454138733394934],[2.259673081257925,41.454120793733182],[2.259661691668589,41.454111631911665],[2.259650507757334,41.454102282256763],[2.259637019571501,41.454090260572904],[2.259625720481298,41.454079459976391],[2.259616156065877,41.454069832505404],[2.259599960617252,41.45405267716356],[2.259552759904776,41.454000445404951],[2.259541929205823,41.453988467840986],[2.259505442775481,41.453945825905365],[2.259496200841511,41.453935218689502],[2.259481880195889,41.453919552621592],[2.25947443694773,41.45391185738054],[2.259466752828717,41.45390428669225],[2.259454597362187,41.453892994162686],[2.259443632395018,41.453883348651445],[2.259423837382364,41.453866881694054],[2.259408638132995,41.453854776905331],[2.259362413575989,41.453818836802824],[2.259304683768341,41.45377339179619],[2.259275305374227,41.45375108031692],[2.259260320413488,41.453740138848076],[2.259245069821247,41.453729393830073],[2.259233912280877,41.453721944873429],[2.259223927029788,41.453715638403757],[2.259206102200564,41.453704903822299],[2.259179116827337,41.453689039043766],[2.259165787406355,41.453680963584731],[2.259152724138142,41.453672646637678],[2.259075341162007,41.453621445265583],[2.25903690353825,41.453595634520454],[2.258998695973972,41.453569600058543],[2.258969176819913,41.453549152133093],[2.258925290541284,41.453518190017462],[2.258881779020941,41.453486915039335],[2.25885353048831,41.453466340159906],[2.258832564535144,41.453450739274977],[2.258817051250423,41.453438893598772],[2.258794258221042,41.453420776863751],[2.258783133179636,41.453411535591563],[2.25877221340602,41.453402142514726],[2.25874879141053,41.453381436581502],[2.258714007986581,41.453350172754497],[2.258679489821868,41.45331874849257],[2.258618823414554,41.453263168851521],[2.258558145036008,41.453207598107987],[2.258520651481338,41.453173578487615],[2.258463856622387,41.453122887741031],[2.258435193846291,41.453097716291182],[2.258406326135878,41.45307266961678],[2.258390931750355,41.453059860852441],[2.258377048390072,41.453048935377346],[2.25835217921886,41.453030219681622],[2.258314543597447,41.453002378181139],[2.258296087927425,41.452988198545839],[2.258278199350379,41.452973635244867],[2.258250335585922,41.452949802002287],[2.258208889928838,41.452913811181951],[2.258167190960974,41.452877989853846],[2.25810167646786,41.452822414692776],[2.258068647795183,41.452794809999531],[2.258035124512105,41.452767535381085],[2.258005176831736,41.452743778708339],[2.257959953287314,41.452708384936571],[2.257914572927874,41.452673098224203],[2.257853476799814,41.452625910333786],[2.257792441337485,41.452578659749719],[2.25777007504056,41.45256096891147],[2.257736954309365,41.452534111144743],[2.257704171379397,41.452507030362476],[2.257675639875529,41.45248299450445],[2.257646746264447,41.452459217517728],[2.257626753191059,41.45244339750257],[2.257596117980328,41.452420113677867],[2.257580963284312,41.452408360221],[2.257566194767875,41.452396339031765],[2.257553143070481,41.452384950437072],[2.257542101209616,41.452374745783089],[2.257523332791057,41.452356528668339],[2.25749553575971,41.452328993611196],[2.257481323782011,41.452315417716285],[2.257466617378223,41.452302153887942],[2.257433622741505,41.452273711536321],[2.257400266211162,41.452245510039312],[2.257348949002019,41.452202807670623],[2.257323055024038,41.452181626099005],[2.257296847335206,41.452160658674217],[2.257280801366975,41.452148331952522],[2.257256321743585,41.452130158977788],[2.257244118262913,41.452121036693292],[2.257232095798182,41.452111789472347],[2.257183137256122,41.452073290722169],[2.257134396110235,41.452034631221018],[2.257078683152094,41.451990026788387],[2.257023091013636,41.451945333034331],[2.256971977429154,41.451903712702851],[2.256921322426613,41.451861780050606],[2.256909964144772,41.451852041677277],[2.256900318132477,41.451843332207233],[2.256867473834393,41.451812251480362],[2.256850900973455,41.451796804717652],[2.256842391479115,41.451789219509379],[2.256833688797154,41.451781777171234],[2.2568228941628,41.451773006227732],[2.256803418159504,41.451758072137416],[2.25677367898853,41.451736054921952],[2.256758948368489,41.451724934616301],[2.25674457977814,41.451713564439935],[2.256713099711611,41.451687788861321],[2.256689652501632,41.451668352386591],[2.256654946266458,41.451638880903793],[2.25663788867336,41.451623953408486],[2.256621072472062,41.451608856329415],[2.256590966786417,41.451581207044413],[2.256546428744832,41.451539394829922],[2.256502626059803,41.451497145986835],[2.25647852351966,41.451473255554241],[2.256442694874561,41.451437255360197],[2.25642465399214,41.451419331003876],[2.256406336027553,41.451401557979736],[2.256369905832574,41.451366868959944],[2.256333294870108,41.451332286848768],[2.256278842461459,41.451281195804306],[2.256224390137888,41.451230104733973],[2.2562016757031,41.451208385005579],[2.25616791754828,41.451175613771824],[2.256150911857606,41.451159308399241],[2.256133665100847,41.451143145584027],[2.256103415355733,41.451115567296085],[2.256072924355665,41.451088149573494],[2.256021397180542,41.451041977375745],[2.255969906198166,41.450995787373671],[2.255904470212763,41.45093681563614],[2.255839082642682,41.450877808144021],[2.255759884862312,41.450806803404078],[2.255720569319283,41.450771131705395],[2.255701128592321,41.450753162143862],[2.255681880858911,41.450735067723748],[2.255654596260998,41.450708913666425],[2.255614042987163,41.45066946880754],[2.255573513910837,41.45063000607572],[2.255517149916636,41.450575533503986],[2.255460785913222,41.450521069911268],[2.25544782296769,41.450508267477971],[2.255425779415764,41.450485507072024],[2.255393250495016,41.450451050163508],[2.255376781196814,41.450433937476269],[2.255359890337825,41.450417047243299],[2.25533061597369,41.450389033697647],[2.255308250129282,41.450368288849667],[2.255291234759182,41.450352866013858],[2.255265361770867,41.450329972690405],[2.255239066819168,41.450307337844436],[2.255210832853292,41.4502836185493],[2.255168222242612,41.450248240579207],[2.255146995334337,41.450230502554902],[2.255125949448779,41.450212639594803],[2.255080495337714,41.450173622181616],[2.255035125594666,41.450134560259329],[2.254963036371508,41.450072320211554],[2.254891236965286,41.450009874823998],[2.254860491985227,41.449982770387749],[2.254814688339461,41.449941895068577],[2.254769077526743,41.449900912890925],[2.254694105006733,41.449833321579064],[2.254665673543617,41.449807525486499],[2.253482840758709,41.45074928742843],[2.253230852531257,41.450950445149878],[2.252903796267731,41.451208996546008],[2.252504676970622,41.45152895980894],[2.252489577148267,41.451540661420964],[2.25205991229485,41.451882492834237],[2.251598833063129,41.452248798611571],[2.25132394850759,41.452467061395843],[2.25089164493862,41.452808240717978],[2.250678386961564,41.452976912019373],[2.250582828890347,41.453051141249368],[2.250104523177327,41.453425165222662],[2.250000670055636,41.453502222261825],[2.249970827745787,41.453525627152594],[2.249949366304702,41.453542799497271],[2.249147291662463,41.454184012046682],[2.248939571267158,41.454349293427299],[2.248481459816447,41.454692997328415],[2.248364755754113,41.455043614971423],[2.248318371267984,41.455172208303971],[2.248546583634862,41.455234355110996],[2.248522381014097,41.455486228030935],[2.24845466883343,41.455572287767168],[2.248333351457562,41.455629163075209],[2.248164476885512,41.455624855477481],[2.247874812002799,41.455540324961561],[2.247979485733556,41.455968862824079],[2.248045986224029,41.456334003060142],[2.248080874112371,41.456504651790034]]]]}},
{"type":"Feature","properties":{"gml_id":"barris.11","barris_id":23.0,"nom":"DALT DE LA VILA               ","nom_min":"Dalt de la Vila               "},"geometry":{"type":"MultiPolygon","coordinates":[[[[2.247979485733555,41.455968862824157],[2.247874812002834,41.455540324958541],[2.248164476885512,41.455624855477481],[2.24833193203232,41.455629153798476],[2.24845466883343,41.455572287767168],[2.248522393350489,41.455485160183343],[2.248546583634862,41.455234355110996],[2.248318371267984,41.455172208303971],[2.248364755754113,41.455043614971423],[2.248481459816447,41.454692997328415],[2.248939571267158,41.454349293427299],[2.249147291662463,41.454184012046682],[2.249949366304702,41.453542799497271],[2.249579986828238,41.453279075035738],[2.249020503446008,41.452854117990547],[2.246915065797325,41.451341619982259],[2.246137785708473,41.450744864486296],[2.245202214096406,41.450060341170051],[2.244863246705576,41.450564010421168],[2.244620953028464,41.450948802809037],[2.244430089673195,41.451239750681751],[2.244303246523935,41.451440503981082],[2.243438595167381,41.452759454481139],[2.243399712320987,41.452818827986718],[2.242978393721408,41.453467474005912],[2.242829872856199,41.453693106394404],[2.242842931173397,41.453699271607775],[2.242942876022335,41.453745840481943],[2.243016255114189,41.453779930250775],[2.243089803565019,41.453813876967921],[2.24313913505496,41.453836179782314],[2.243343834584163,41.453927619139066],[2.243548535004962,41.454019031112388],[2.243753283785687,41.454110452044212],[2.243958045011027,41.454201881698147],[2.243994684162201,41.454218155794514],[2.244031323227103,41.454234438886026],[2.244068201852622,41.454250714532868],[2.244105032713794,41.454266980846455],[2.244183107074614,41.45430203749833],[2.244260719995859,41.454337658533618],[2.244312186616929,41.454361749337451],[2.244417437443638,41.454411414314407],[2.244522699880406,41.45446112430777],[2.244532940501409,41.454465947505035],[2.244543121159742,41.454470779314946],[2.244563183287525,41.454480431959453],[2.244611898055524,41.454504378448661],[2.244660648461513,41.454528352173455],[2.244709626997715,41.454552273330883],[2.244758461174777,41.454576256571457],[2.244813728607891,41.45460403813685],[2.244868837630035,41.454632061836335],[2.24492388746724,41.454660031075981],[2.244978937351866,41.45468800028933],[2.245072129673978,41.454735847064136],[2.245091406676718,41.454746106968287],[2.245141645795974,41.454772855543794],[2.245191812811183,41.454799630646278],[2.24523192310609,41.454821205487342],[2.245271839681349,41.454842968199337],[2.24535129624233,41.45488696850478],[2.245404028967911,41.454916552655732],[2.245447110860486,41.454940914450404],[2.245474149379026,41.45495620407771],[2.245510201915066,41.454976671306994],[2.245546193882487,41.454997201179602],[2.245582054598212,41.455017694150115],[2.245617939071689,41.455038205280069],[2.245638600579274,41.455049888341165],[2.245659226387081,41.455061553149477],[2.245679709268991,41.455073153964562],[2.245700047658274,41.455084825887845],[2.24575521446504,41.455117227154261],[2.245810367997202,41.45514974540361],[2.245865573440565,41.45518192168381],[2.24592044309443,41.455214149780254],[2.245936434320526,41.455223847551473],[2.245952425551388,41.455233545320453],[2.245968416995823,41.455243225073723],[2.245984456646485,41.455252878118451],[2.246076586237778,41.455307841990219],[2.246168764916849,41.455362716034678],[2.246343526963796,41.455467762191034],[2.246518337463564,41.455572808396198],[2.246607948642762,41.455626133999125],[2.246697754130815,41.455679235618106],[2.246877499117645,41.45578527738693],[2.24699698282601,41.455856263717543],[2.247075091803739,41.455903109355049],[2.247153043483263,41.455950107035726],[2.247308922089288,41.45604420115658],[2.247413143494971,41.456106692231707],[2.247633131962824,41.456237631481137],[2.247853133705111,41.456368534362056],[2.247975125709435,41.456441265496643],[2.248080874112372,41.456504651790034],[2.248045985973753,41.456334001381762],[2.247979485733555,41.455968862824157]]]]}},
{"type":"Feature","properties":{"gml_id":"barris.12","barris_id":14.0,"nom":"SANT CRIST DE CAN CABANYES    ","nom_min":"Sant Crist de can Cabanyes    "},"geometry":{"type":"MultiPolygon","coordinates":[[[[2.236528950499879,41.44867345333099],[2.236509466670355,41.448657593061597],[2.236491947830193,41.448658957536892],[2.236233271080511,41.448679104559794],[2.235311474213911,41.448750893820666],[2.23519065793429,41.44878323788177],[2.234991709342738,41.44890351532549],[2.234824157715051,41.449051654203885],[2.233884947217711,41.450019287473651],[2.233666423839022,41.450245810232104],[2.233474838858838,41.450441616553434],[2.233437756152763,41.45047965106675],[2.232686329995988,41.451256036632628],[2.232644637781113,41.45129908430593],[2.232543561512196,41.45140316652752],[2.232498118683891,41.451449521876093],[2.232452681103515,41.451495426868981],[2.232402974853224,41.451547968867516],[2.232363483496477,41.451597246267582],[2.232330343280582,41.451646025599693],[2.232297994249055,41.45169877348161],[2.232266058803551,41.451767197078922],[2.232241292313855,41.45183683949265],[2.232228203940575,41.451900975241308],[2.232222525740508,41.451976329694958],[2.232214957998349,41.452039331326326],[2.232207157189136,41.452101790953641],[2.232204171644467,41.452131585682395],[2.232187851142153,41.452215966608449],[2.232159852349011,41.452305854182889],[2.232132259098824,41.452380647971118],[2.232107919460715,41.452453652978143],[2.232080120643074,41.45253672322584],[2.232059222221352,41.452602184940162],[2.232041824740758,41.452655050590444],[2.232007518090279,41.452720422762631],[2.231948741655589,41.452830758324112],[2.232169669863434,41.452940881854005],[2.233796370996752,41.453473306778768],[2.234844825270931,41.453821642043572],[2.235925503287134,41.454165407843078],[2.236333432930864,41.454300607713115],[2.237604332140582,41.45326479715861],[2.237945790017133,41.452988910187827],[2.238256332511899,41.452725247716948],[2.238384150072553,41.452616923952256],[2.238617653622168,41.452419135196429],[2.238857200508591,41.452216341787107],[2.239761015624214,41.451443364609091],[2.23973558604615,41.451421523781391],[2.238648005776589,41.450487409392309],[2.238623606403532,41.450465945246179],[2.238572939572119,41.450423058614973],[2.238522309036932,41.450380145178961],[2.238488595463272,41.450351521462203],[2.238443680518249,41.450313311695169],[2.23841805267831,41.450291461056985],[2.238388786197395,41.45026646973912],[2.238355383673845,41.450237875064687],[2.238317276515042,41.450205159839612],[2.238234070855231,41.45013357599133],[2.238150877559766,41.450061974148646],[2.238054611453336,41.449979089373848],[2.237958357667687,41.449896195591002],[2.237949124831375,41.449888225871497],[2.23793992801598,41.449880247382467],[2.237921558861521,41.449864245527081],[2.23788494102859,41.449832179553475],[2.237860505077164,41.44981081408158],[2.237846496888051,41.449798633250474],[2.237830437443779,41.449784754430276],[2.23778655916102,41.449747028666302],[2.237742620651737,41.449709338515831],[2.237713296101075,41.449684238548237],[2.237674168626998,41.449650786739198],[2.237594170420006,41.449582475368963],[2.237514160303757,41.449514172870444],[2.23744971328945,41.449459196446256],[2.237385266383634,41.449404219985887],[2.237342333938531,41.449367554192719],[2.237327043529178,41.449354473056324],[2.237311777278998,41.449341374063167],[2.237281292891992,41.449315158374844],[2.237220384785192,41.449262664323648],[2.237179755246777,41.449227689128485],[2.237092342636002,41.449152644693669],[2.237004918255107,41.449077600112901],[2.236979400492242,41.449055632780905],[2.236953907005236,41.449033638581867],[2.236900149965953,41.448991832788103],[2.236893649379896,41.448986456906212],[2.236867466272999,41.448964803878035],[2.236856517292453,41.448954509609521],[2.236850568995504,41.448949428300693],[2.236843564676342,41.448943444887689],[2.236835843866162,41.448936768533223],[2.236820402249311,41.44892341582166],[2.236804711294536,41.448909872164521],[2.236743185380647,41.448857409332405],[2.236736625618667,41.448851583873591],[2.236726005053748,41.448842152177228],[2.236723982595668,41.448840603409039],[2.236723511612306,41.448840242736999],[2.236705825945322,41.448825171514166],[2.236696854002108,41.448817918978591],[2.23668938922653,41.44881086573465],[2.236672449386345,41.448796556613424],[2.236638821292433,41.448767940033242],[2.236618154645736,41.44874963109406],[2.23660719685788,41.448740093899588],[2.236593745639823,41.448728647261085],[2.236582037608531,41.448718726505753],[2.236555505134154,41.448696294561117],[2.236528950499879,41.44867345333099]]]]}},
{"type":"Feature","properties":{"gml_id":"barris.13","barris_id":22.0,"nom":"COLL I PUJOL                  ","nom_min":"Coll i Pujol                  "},"geometry":{"type":"MultiPolygon","coordinates":[[[[2.243216901226715,41.448206982058089],[2.243030711351252,41.448106674739542],[2.242936483444631,41.448004720651177],[2.242805081909094,41.447927855819366],[2.242773543625882,41.447941433464941],[2.242749732741387,41.447952689131668],[2.242567758596982,41.448050843017207],[2.242470287699662,41.448068125871046],[2.242303078485614,41.448093920634598],[2.242121663503968,41.448116225732775],[2.241583737615153,41.448164760740106],[2.241328109316405,41.448162462211151],[2.24100250161397,41.448145576423165],[2.241001790818587,41.448145539560798],[2.240958796610844,41.448147316886434],[2.240828503695814,41.448152702930408],[2.240825514554889,41.448152826493633],[2.240758334357151,41.448158930682233],[2.240543730870568,41.44817842990993],[2.240351168093237,41.448204941258709],[2.240320628270029,41.448209145839812],[2.240315928699934,41.448209824460712],[2.240254807114133,41.448217522845511],[2.240089579690909,41.448237223649279],[2.240085209571115,41.448238003188372],[2.240063316302216,41.44824190849242],[2.240041043460645,41.448245881499624],[2.239710128887409,41.448306939034595],[2.239386107771482,41.448366723613489],[2.23913007700834,41.44841097916111],[2.238938240570625,41.448428195122993],[2.23866699597345,41.448452807384527],[2.238000240637222,41.448509604569352],[2.237604575689005,41.448544264210248],[2.237172230541164,41.44859183600925],[2.236872058136781,41.44863961396252],[2.236509466670355,41.448657593061597],[2.236528950499879,41.44867345333099],[2.236555505134154,41.448696294561117],[2.236582037608531,41.448718726505753],[2.236593745639823,41.448728647261085],[2.23660719685788,41.448740093899588],[2.236618154645736,41.44874963109406],[2.236638821292433,41.448767940033242],[2.236672449386345,41.448796556613424],[2.23668938922653,41.44881086573465],[2.236696854002108,41.448817918978591],[2.236705825945322,41.448825171514166],[2.236723511612306,41.448840242736999],[2.236723982595668,41.448840603409039],[2.236726005053748,41.448842152177228],[2.236736625618667,41.448851583873591],[2.236743185380647,41.448857409332405],[2.236804711294536,41.448909872164521],[2.236820402249311,41.44892341582166],[2.236835843866162,41.448936768533223],[2.236843564676342,41.448943444887689],[2.236850568995504,41.448949428300693],[2.236856517292453,41.448954509609521],[2.236867466272999,41.448964803878035],[2.236893649379896,41.448986456906212],[2.236900149965953,41.448991832788103],[2.236953907005236,41.449033638581867],[2.236979400492242,41.449055632780905],[2.237004918255107,41.449077600112901],[2.237092342636002,41.449152644693669],[2.237179755246777,41.449227689128485],[2.237220384785192,41.449262664323648],[2.237281292891992,41.449315158374844],[2.237311777278998,41.449341374063167],[2.237327043529178,41.449354473056324],[2.237342333938531,41.449367554192719],[2.237385266383634,41.449404219985887],[2.23744971328945,41.449459196446256],[2.237514160303757,41.449514172870444],[2.237594170420006,41.449582475368963],[2.237674168626998,41.449650786739198],[2.237713296101075,41.449684238548237],[2.237742620651737,41.449709338515831],[2.23778655916102,41.449747028666302],[2.237830437443779,41.449784754430276],[2.237846496888051,41.449798633250474],[2.237860505077164,41.44981081408158],[2.23788494102859,41.449832179553475],[2.237921558861521,41.449864245527081],[2.23793992801598,41.449880247382467],[2.237949124831375,41.449888225871497],[2.237958357667687,41.449896195591002],[2.238054611453336,41.449979089373848],[2.238150877559766,41.450061974148646],[2.238234070855231,41.45013357599133],[2.238317276515042,41.450205159839612],[2.238355383673845,41.450237875064687],[2.238388786197395,41.45026646973912],[2.23841805267831,41.450291461056985],[2.238443680518249,41.450313311695169],[2.238488595463272,41.450351521462203],[2.238522309036932,41.450380145178961],[2.238572939572119,41.450423058614973],[2.238623606403532,41.450465945246179],[2.238648005776589,41.450487409392309],[2.23973558604615,41.451421523781391],[2.239761015624214,41.451443364609091],[2.239968781094986,41.45162180622728],[2.240637401707211,41.452192872355113],[2.240723367832134,41.452266373224028],[2.24079999739702,41.452331516536596],[2.240876771929132,41.452396561671897],[2.240938192062548,41.452448768887443],[2.240999600217521,41.452500984997833],[2.241067356621392,41.45255809797986],[2.241135523433975,41.452614934398333],[2.241172663406375,41.452645615613342],[2.241228759619952,41.452691374241532],[2.241285181771192,41.452736909805886],[2.241352749860617,41.452790706633849],[2.241420909711496,41.452844074967082],[2.24145415717914,41.452869767312478],[2.241504426853643,41.452908020201896],[2.241555095221067,41.452945969444976],[2.241585542895702,41.452968436637441],[2.241631643429994,41.453001797956695],[2.241678178980324,41.453034819842557],[2.241717025079342,41.453061945179314],[2.241775771945442,41.453102226470065],[2.241835135317306,41.453142007377558],[2.241873370243244,41.453167137986284],[2.241931122055952,41.453204467202646],[2.241961367000261,41.453223683890506],[2.241989297246638,41.453241429874808],[2.242024039259552,41.453263222671673],[2.242076473140205,41.453295607708419],[2.242129354852665,41.453327581329525],[2.242163207673332,41.453347602765149],[2.242214429156618,41.453377187441347],[2.24226612293376,41.453406315826449],[2.242306607252818,41.453428515674602],[2.24234750356832,41.453450294872539],[2.242401405611155,41.453478978363847],[2.242474100741004,41.453517261445342],[2.242522822227515,41.453542559987483],[2.242584295025457,41.45357399548756],[2.242646155802456,41.45360501916695],[2.242687678839836,41.453625433238216],[2.242743327024328,41.45365224550968],[2.242829872856197,41.453693106394404],[2.242978393721418,41.453467474005954],[2.243399712320993,41.452818827986718],[2.243438595167404,41.452759454481168],[2.24430324652394,41.451440503981097],[2.244430089673193,41.451239750681772],[2.244620953028464,41.450948802809059],[2.244863246705579,41.450564010421175],[2.245202214096423,41.450060341170044],[2.245514677778929,41.449553965925439],[2.245657122783265,41.449285235262977],[2.243912946843384,41.448515021210405],[2.243325285304603,41.448254984333559],[2.243216901226715,41.448206982058089]]]]}},
{"type":"Feature","properties":{"gml_id":"barris.15","barris_id":31.0,"nom":"CENTRE                        ","nom_min":"Centre                        "},"geometry":{"type":"MultiPolygon","coordinates":[[[[2.247934851006133,41.442453661672658],[2.247907377859425,41.442416354173666],[2.246628928640596,41.443706933441959],[2.246099117553664,41.44414898758918],[2.245949583789489,41.444351296436722],[2.245401876653453,41.444777698933578],[2.245335161493573,41.444855189448241],[2.24515601711165,41.445101235434095],[2.245019718353139,41.445330852359469],[2.245008037790279,41.445352453457673],[2.244741000570936,41.445851545000622],[2.244544601338621,41.446221318478429],[2.244434810812141,41.446420795032637],[2.244327734831635,41.44662113792225],[2.244314937927415,41.446644117003999],[2.244294599092727,41.446680693234548],[2.24421337404071,41.446815761258705],[2.244091256630805,41.447016452320085],[2.243970526322719,41.447220540065899],[2.243969351292421,41.447222476904486],[2.243880239324837,41.447375812910579],[2.243845916119867,41.447424090736376],[2.243832809849204,41.447439428478241],[2.24382211748907,41.447451930495163],[2.243813503106967,41.447465306718264],[2.243813168153566,41.447465817563874],[2.243812522605362,41.447466671169067],[2.243795250360592,41.447489491978125],[2.243744565199437,41.447556553727274],[2.243666745734362,41.447634577256785],[2.243622592142147,41.447667154062074],[2.243574882917235,41.447702336839129],[2.243486047475027,41.447752264190818],[2.243472951020501,41.447758128732382],[2.243303241602321,41.44783428130583],[2.243142913968553,41.447908708771322],[2.242999683946894,41.447974691473256],[2.242968023849365,41.447989705672626],[2.242936483444627,41.44800472065117],[2.24303071135125,41.448106674739542],[2.243216901226731,41.44820698205811],[2.243325285304589,41.448254984333559],[2.243912946843372,41.448515021210419],[2.245657122783266,41.44928523526297],[2.245514677778911,41.449553965925439],[2.245202214096406,41.450060341170051],[2.246137785708473,41.450744864486296],[2.246915065797325,41.451341619982259],[2.249020503446008,41.452854117990547],[2.249579986828238,41.453279075035738],[2.249949366304702,41.453542799497271],[2.249970827745787,41.453525627152594],[2.250000670055636,41.453502222261825],[2.250104523177327,41.453425165222662],[2.250582828890347,41.453051141249368],[2.250678386961564,41.452976912019373],[2.25089164493862,41.452808240717978],[2.25132394850759,41.452467061395843],[2.251598833063129,41.452248798611571],[2.25205991229485,41.451882492834237],[2.252489577148267,41.451540661420964],[2.252504676970622,41.45152895980894],[2.252903796267731,41.451208996546008],[2.253230852531257,41.450950445149878],[2.253482840758709,41.45074928742843],[2.254665673543617,41.449807525486499],[2.254619421908348,41.449765560951491],[2.254594933905366,41.449743036748025],[2.254558509413623,41.449709058765876],[2.25452189218424,41.449675187611973],[2.254475168949811,41.449633108203273],[2.25442783081371,41.449591412109143],[2.254394911004113,41.449562942329599],[2.254361641482443,41.449534695459292],[2.254306818126296,41.449481763534614],[2.254225029128383,41.449402111777431],[2.254143601937696,41.449322246128212],[2.254102418147609,41.44928156261372],[2.254041070058382,41.449220319404553],[2.253980059749731,41.449158862174102],[2.253942217489619,41.449120163899821],[2.253914155145769,41.449090959856584],[2.253872422974491,41.449046966966385],[2.253830907679058,41.449002858370825],[2.25381010996754,41.448980123744938],[2.253792419420936,41.44895995838349],[2.253731857276792,41.448888694813569],[2.253716484978141,41.448870994508866],[2.253704771911757,41.448857830679088],[2.253686762851565,41.448838302762837],[2.253668115417995,41.44881911298409],[2.253644629637424,41.448795901503416],[2.253602963209715,41.448755601993234],[2.253539854794719,41.448695527060522],[2.253508379061427,41.44866543604553],[2.253477168369776,41.448635202622924],[2.253438269552839,41.448596821588062],[2.253377861790944,41.448537205460219],[2.253328238746897,41.448488189027337],[2.253278290290478,41.448439368623532],[2.253249619738601,41.448412097066225],[2.25322407950874,41.448388502852325],[2.253133266316586,41.448306783039797],[2.253110671437491,41.448286297482738],[2.253077195239961,41.448255301617657],[2.253060734290953,41.448239647851004],[2.253044502449363,41.448223851450763],[2.252949997220764,41.448130073557351],[2.252855528382125,41.448036277805734],[2.252755713349176,41.447937889468335],[2.252655910587077,41.447839501121749],[2.252592263680373,41.447776431682961],[2.252497378061061,41.447681488974418],[2.252403215821551,41.447586127537548],[2.252356872915413,41.447538284950561],[2.25232261860857,41.447502140547137],[2.252297180943059,41.447474889763733],[2.252259427830113,41.447433813532754],[2.252222120473044,41.447392496986126],[2.252140887586017,41.447301362822103],[2.252059979994881,41.447210068580212],[2.252010040987648,41.447153303099526],[2.251935469886222,41.447067976882117],[2.251898045970046,41.447025380410494],[2.251860357196671,41.446982917315125],[2.251847968318235,41.446969244476847],[2.251824185290095,41.446943886906915],[2.251802924830345,41.446921950560025],[2.251765029706921,41.4468839087492],[2.251707777413051,41.446827077537542],[2.251679542831674,41.446798448289691],[2.251651922604546,41.446769489756583],[2.251601097132349,41.446714916142845],[2.251525268669949,41.446632833159207],[2.251450054726025,41.446550420847991],[2.251357465260798,41.446447655632419],[2.251311525838195,41.446396095159763],[2.251265899584986,41.446344374572831],[2.251237354485693,41.446311554725675],[2.251195114735981,41.44626204496911],[2.251153380710097,41.446212286280705],[2.25112814104805,41.446186639846673],[2.251084546720893,41.446141462820442],[2.251052365652414,41.446107331182624],[2.251028503910186,41.446081585609953],[2.250993168954261,41.446042731524486],[2.250958400173394,41.446003574861876],[2.250937927771824,41.445979787947387],[2.250920380028725,41.445958803381977],[2.250890231160354,41.445921820563335],[2.25084522452861,41.445866248649388],[2.250822318004986,41.445838653719235],[2.25079885785729,41.445811316393986],[2.250776227815827,41.445785704895442],[2.250736146535204,41.445741136103742],[2.250705703244941,41.445707907425387],[2.250659514391359,41.445658344713422],[2.25061279580222,41.445609048754207],[2.250602290018576,41.445598225396083],[2.250582061489301,41.44557823214371],[2.250563932358383,41.445560972819848],[2.250499775493279,41.445500970408524],[2.250484088734598,41.445485771681128],[2.25047256143219,41.445474257086815],[2.250455740335856,41.4454567270392],[2.250439617882177,41.445438823229381],[2.250400007476351,41.445392906267621],[2.250341043294694,41.445323822065909],[2.250282331961407,41.445254622384255],[2.250207569695496,41.445166528474246],[2.250133228975002,41.445078230091013],[2.250109643285523,41.445049369541799],[2.250089514199096,41.445023891307947],[2.250055052542855,41.44497895357901],[2.250004022036324,41.444911245028869],[2.249978218084966,41.444877514966556],[2.249951872699549,41.444844024568361],[2.249906801595254,41.444787947435614],[2.249872760687166,41.444745993862014],[2.249847049470168,41.444714615320045],[2.249808061399773,41.444667747415842],[2.249768459689602,41.44462115472605],[2.249725907072334,41.4445719756458],[2.249693769880139,41.444535204716885],[2.249645190749558,41.444480248538],[2.249596094078389,41.444425541169792],[2.249519968981388,41.444341599349151],[2.249443615193901,41.444257782088393],[2.249357000455995,41.444163764412473],[2.249313620996398,41.44411678660483],[2.249270494528103,41.444069675319916],[2.24924399461127,41.444040300152906],[2.249198251928462,41.443988577957846],[2.249164345382433,41.443949579490329],[2.249113943044879,41.443890864073907],[2.249063817666121,41.443832015331196],[2.249023504387046,41.443783895469323],[2.248963877102004,41.443711320319935],[2.248933936992849,41.443675103966967],[2.248903599829484,41.443639065161911],[2.248880505163517,41.443612351333265],[2.248839285898102,41.443565999956604],[2.24877685539025,41.443496748164414],[2.248746013280579,41.443461949047297],[2.248715809351901,41.443426829822101],[2.24866980372583,41.443372034148396],[2.248601360995249,41.443289583236158],[2.248533556429789,41.443206821411856],[2.248486013986949,41.443148295805052],[2.248445320522305,41.443097780383994],[2.248438967502683,41.443089546510066],[2.248417818014584,41.443062135555792],[2.248375827532155,41.443009023613868],[2.248333175345828,41.442956204576035],[2.248313198188268,41.442932195337498],[2.248295291009752,41.442911379244208],[2.248231520378028,41.442839065186483],[2.24821574919619,41.442820911224246],[2.248192580025459,41.442793440263934],[2.248181296200667,41.442779576140552],[2.248170265202719,41.442765587564985],[2.248154451058267,41.44274493825813],[2.248127362691354,41.442708560347157],[2.248087295534086,41.442653758468268],[2.248067141815002,41.442626397271255],[2.248046687204184,41.442599178221911],[2.248018688945828,41.442562821357349],[2.247976391020883,41.442508401178465],[2.247955446559079,41.442481106849783],[2.247934851006133,41.442453661672658]]]]}},
{"type":"Feature","properties":{"gml_id":"barris.14","barris_id":13.0,"nom":"NOVA LLOREDA                  ","nom_min":"Nova Lloreda                  "},"geometry":{"type":"MultiPolygon","coordinates":[[[[2.227779808754793,41.453570126521015],[2.227794401335716,41.453567540745595],[2.227794385375576,41.453567595105696],[2.228950365079829,41.453362699800863],[2.229366902537474,41.453288081562953],[2.229944028233341,41.453187260971767],[2.23005570295568,41.453167751659443],[2.230063872802007,41.453166320017338],[2.230112926682284,41.453157724052581],[2.230215838952742,41.453139741120566],[2.230242029138401,41.453135073381134],[2.230241962496139,41.453135010916263],[2.230581210244013,41.453074494393775],[2.230824252770981,41.45303125650792],[2.231948741655589,41.452830758324112],[2.232007518090279,41.452720422762631],[2.232041824740758,41.452655050590444],[2.232059222221352,41.452602184940162],[2.232080120643074,41.45253672322584],[2.232107919460715,41.452453652978143],[2.232132259098824,41.452380647971118],[2.232159852349011,41.452305854182889],[2.232187851142153,41.452215966608449],[2.232204171644467,41.452131585682395],[2.232207157189136,41.452101790953641],[2.232214957998349,41.452039331326326],[2.232222525740508,41.451976329694958],[2.232228203940575,41.451900975241308],[2.232241292313855,41.45183683949265],[2.232266058803551,41.451767197078922],[2.232297994249055,41.45169877348161],[2.232330343280582,41.451646025599693],[2.232363483496477,41.451597246267582],[2.232402974853224,41.451547968867516],[2.232452681103515,41.451495426868981],[2.232498118683891,41.451449521876093],[2.232543561512196,41.45140316652752],[2.232644637781113,41.45129908430593],[2.232686329995988,41.451256036632628],[2.233437756152763,41.45047965106675],[2.233474838858838,41.450441616553434],[2.233666423839022,41.450245810232104],[2.233884947217711,41.450019287473651],[2.234824157715051,41.449051654203885],[2.234991709342738,41.44890351532549],[2.23519065793429,41.44878323788177],[2.235311474213911,41.448750893820666],[2.236233271080511,41.448679104559794],[2.236491947830193,41.448658957536892],[2.236509466670355,41.448657593061597],[2.236477471137368,41.448629541052611],[2.236475835215359,41.448628288276744],[2.236442150293098,41.448599052113174],[2.236422023747203,41.448581973592987],[2.236366561080079,41.448534941709845],[2.236331130578566,41.448503191849781],[2.236313415330156,41.448487316906188],[2.236276385762678,41.448454050191422],[2.23608521982437,41.448285099106975],[2.236061748432213,41.448264271091567],[2.23604123960516,41.448246029875335],[2.236023302004789,41.44823005759941],[2.236007639636962,41.448216073067599],[2.235980260885695,41.44819156205191],[2.235959790025824,41.448173149931442],[2.235944461173688,41.448159311725767],[2.235921528025715,41.448138532294251],[2.235910097580926,41.44812812480184],[2.235898679322053,41.448117699374315],[2.235867848567302,41.448089472339674],[2.235821644858573,41.448047091520273],[2.235775417056777,41.448004728536681],[2.235740736341062,41.447973035036163],[2.235688679153937,41.447925517044013],[2.235662668703488,41.44790174464827],[2.23563671854857,41.447877936617424],[2.235621961570069,41.447864345369901],[2.235609088361655,41.447852433020117],[2.235586611583289,41.447831548464059],[2.23555298087226,41.447800168138073],[2.235519374240619,41.447768778954689],[2.2354861346046,41.447737743491636],[2.235436317371558,41.447691168040649],[2.235411438919909,41.447667862492487],[2.23538659660959,41.44764453916418],[2.235367556849424,41.447626622853008],[2.235350945254646,41.447610920502044],[2.235336417742944,41.447597168608461],[2.235311045699036,41.447573085115025],[2.235292055873978,41.447554997981356],[2.235263607385472,41.447527840493514],[2.235235207120629,41.447500656296796],[2.235205067630806,41.44747172208799],[2.235182493327999,41.447449990101518],[2.235165601621031,41.447433682360789],[2.235140282349896,41.447409193844152],[2.235115011191824,41.447384687626865],[2.235089456675954,41.447359846243366],[2.23507031792091,41.44734119961938],[2.235055996886744,41.447327205861434],[2.235034563811679,41.447306166002555],[2.235023877311633,41.447295637263899],[2.235013214967939,41.447285090670036],[2.234993855486606,41.447265875094971],[2.234976946180635,41.447249035768799],[2.234947412014511,41.447219547054985],[2.23490314693871,41.447175296195397],[2.234880984390962,41.447153179566868],[2.234858773552372,41.447131098642529],[2.234832195165045,41.447104773165577],[2.234792267400731,41.447065316064062],[2.234772315560113,41.447045583084325],[2.234752399854973,41.447025832326588],[2.23472306557627,41.446996669152192],[2.234701103894511,41.446974788018522],[2.234684656928105,41.446958348052902],[2.234672351767428,41.446946007017836],[2.234653930105559,41.446927482191612],[2.234635568836275,41.446908912726997],[2.234603367253788,41.446876208523555],[2.234555113299099,41.446827111989649],[2.234530992281148,41.446802568258292],[2.234506835157949,41.446778042296351],[2.234436599188375,41.446706785168793],[2.234366363265719,41.446635537004909],[2.234282108707796,41.446550071767],[2.234197854475827,41.446464597460412],[2.2341825463244,41.446449065749917],[2.234134366494925,41.446475913296119],[2.233113245907375,41.447044908679381],[2.232493716224599,41.447839151857288],[2.232333379763881,41.448049261553919],[2.23219000218509,41.448239415630752],[2.232177737463589,41.448256132654556],[2.232162014918015,41.448274709149544],[2.232153253239436,41.448286747666259],[2.232141273392561,41.448302655916955],[2.232124779409011,41.448323704306574],[2.232104407790509,41.448348708098855],[2.232083417715669,41.448373365474552],[2.232069027565604,41.448389608914553],[2.232049284886249,41.448411022921483],[2.232035563995969,41.448425334223053],[2.232021510469149,41.448439427122892],[2.232011883888168,41.448448667541754],[2.231998655993637,41.448460766296847],[2.231970158671237,41.448485499623736],[2.231941210051837,41.448509923676106],[2.231913668097114,41.448532825848126],[2.231885734276332,41.448555455172652],[2.231866751226749,41.448570316793528],[2.231849493009684,41.44858307317952],[2.231831701628749,41.448595357614067],[2.231819599530947,41.448603356468084],[2.231803241961204,41.448613848984024],[2.231781194499662,41.4486276632719],[2.231760270097806,41.448640656371609],[2.231739180435738,41.448653450199508],[2.23172490766311,41.448661767819111],[2.231705506710348,41.448672474184477],[2.231694160114082,41.44867833429786],[2.231656684001307,41.448696963561169],[2.231618995583129,41.448715321170106],[2.231543288180465,41.448751637814098],[2.23151086595225,41.448767067122006],[2.23147816002558,41.448782188271579],[2.231466835892569,41.4487871567745],[2.23145538252539,41.448791917241174],[2.231432122512058,41.448800940400261],[2.231416407787918,41.44880666320563],[2.231395274102316,41.448814052202827],[2.231366930773629,41.448823689913347],[2.231333877733849,41.448834746339557],[2.231300685395364,41.448845432519541],[2.231278420625082,41.448852291502867],[2.231248507432209,41.448861044967913],[2.231231283552801,41.448865811877489],[2.231211456568226,41.44887102076391],[2.231176095767084,41.44887980985434],[2.231140597053267,41.448888111609321],[2.231116819139451,41.448893339103648],[2.231084968761983,41.448899872748576],[2.231066682490862,41.448903362479427],[2.231045699474564,41.448907113407763],[2.230920316239527,41.44892859549082],[2.230804761325941,41.4489501161489],[2.230752087889565,41.448959014504105],[2.230733234010954,41.448961905893356],[2.230714192856196,41.448964435728605],[2.23070222974149,41.44896572484032],[2.230693242750008,41.448966412344156],[2.23067975449795,41.448967087752131],[2.230666269972891,41.448967447922541],[2.230650839307476,41.448967362714768],[2.230639256296936,41.448966879893916],[2.230621888757117,41.448965565718808],[2.230604539685482,41.448963702209838],[2.230587770967802,41.448961356178266],[2.230575381885288,41.448959183564121],[2.230566173966032,41.448957293447712],[2.23055246858012,41.448954058152424],[2.23053172025973,41.448948082505339],[2.230519606854771,41.448943858029772],[2.230510776598679,41.448940403138458],[2.230497866113673,41.448934741142104],[2.230485237884415,41.448928495548223],[2.230471390186723,41.448921097846537],[2.230461317974711,41.448915355755119],[2.230453996439595,41.448910866089655],[2.2304434853165,41.44890376994146],[2.230433663565138,41.448896083913056],[2.230419623401143,41.44888370379428],[2.230399219305034,41.448864822742543],[2.230388962913197,41.448855422385215],[2.230378465296322,41.448846173539437],[2.230344139596446,41.44881703890502],[2.230309235278501,41.448788242671043],[2.230289011666216,41.448772326260205],[2.230273429913729,41.448760728461956],[2.230261462830603,41.448752235404157],[2.230243004748824,41.448739888746701],[2.230233534109741,41.448733898452659],[2.230223870340882,41.448728041977027],[2.230215951154339,41.448723476236317],[2.230201782343171,41.448715905210754],[2.23019094011139,41.448710491217142],[2.230174415931333,41.448702661221141],[2.230157698304047,41.448694992062073],[2.230141443173479,41.448687695302183],[2.230129187009713,41.448682388934827],[2.230110541665414,41.448674742894418],[2.230091460260831,41.448667526289661],[2.230080717399258,41.448663833374901],[2.230071235238894,41.44866084247311],[2.230054459055895,41.44865610033014],[2.230041723181926,41.448652889479142],[2.23002235715149,41.448648481283669],[2.230002663861727,41.448644413177213],[2.22997711340502,41.448639585255059],[2.229957911702989,41.448636466215191],[2.229943484468991,41.448634550109844],[2.229932639630941,41.448633405608476],[2.229916335998557,41.448632233562059],[2.229899975316252,41.448631835772538],[2.229884027536289,41.448631954170601],[2.229856053284055,41.448632649576808],[2.229835067850586,41.448633571927047],[2.229819326163236,41.448634484352382],[2.229795757303536,41.448636209073328],[2.229772279091632,41.448638366754459],[2.229690186216114,41.448646671264896],[2.229608185461384,41.448655282587339],[2.229574512425621,41.448659029308615],[2.229540816724314,41.44866266777872],[2.229507255257901,41.448666090959343],[2.229473693788158,41.44866951413011],[2.229454457168818,41.448671366888121],[2.229435220548424,41.448673219642849],[2.229416092837616,41.448674974042092],[2.229402223406434,41.448676502454539],[2.229388752744867,41.448677718276286],[2.229362980956944,41.448681472840441],[2.229333620504941,41.448685996007498],[2.229278442866525,41.448696083906754],[2.229248836478119,41.448701154858817],[2.229221234269345,41.448707833554998],[2.229200047198789,41.44871263665167],[2.229178697228339,41.448717042324596],[2.229135950782851,41.448725736249941],[2.229087292378674,41.448736273089374],[2.229038750038985,41.448747116939714],[2.22901111369172,41.44875364222991],[2.228983582194923,41.448760411417659],[2.228928588661327,41.448774148403189],[2.228891802339838,41.448782990286851],[2.22882176777353,41.448799121438327],[2.228751628851849,41.44881496360879],[2.228675194849252,41.448831637240694],[2.228598702876061,41.448848148298808],[2.228547855351925,41.448859534942692],[2.228487613075097,41.448873686882678],[2.22842741716075,41.448887965206509],[2.228361607005664,41.44890320565829],[2.228295738675163,41.448918301562834],[2.228280544048685,41.448921532364736],[2.228265233344151,41.448924456132197],[2.228242691405038,41.448930429937917],[2.228226638195173,41.448935393410238],[2.22820736322508,41.448941479206837],[2.228181669210094,41.44894976477886],[2.228147919672443,41.448961959563285],[2.228122225642027,41.448970245121899],[2.228087674034816,41.448982434505545],[2.228072481531329,41.44898851165037],[2.228057146119186,41.448993515946682],[2.228024974025281,41.449007964139483],[2.22797270476098,41.449030185963203],[2.227923630191023,41.449053564149366],[2.2278833490544,41.449076424873077],[2.227870777920563,41.449083546439972],[2.227858044001263,41.449090261577055],[2.227843285075658,41.449098134086334],[2.22783533875792,41.449101917911321],[2.227827153983503,41.44910561906768],[2.227814609559213,41.449111497778809],[2.227804488276778,41.449115960572691],[2.227790019206499,41.449122610007244],[2.227768221912821,41.449132407881187],[2.227724533035369,41.449151876879085],[2.227695702170295,41.449165212476402],[2.227644601214557,41.449189846987046],[2.227138019351474,41.449394849353681],[2.226962641278934,41.449462514655636],[2.227232616737759,41.449744010488615],[2.228621267584891,41.450573137179681],[2.228863889544433,41.450345254297631],[2.229836405624815,41.450933674765338],[2.229854797389238,41.45094883702194],[2.22986640966685,41.450956945369654],[2.229872811015703,41.450961415950445],[2.229873505619544,41.450961902846586],[2.229875932062554,41.450963687946548],[2.229882234853912,41.450968331028157],[2.22988432785975,41.450969872214181],[2.229890440217702,41.450975341098115],[2.229896804159841,41.450980965090992],[2.229899792267358,41.450983596297263],[2.229904509373312,41.450988351276202],[2.229904796966216,41.450988642176469],[2.229907521430813,41.450991389005047],[2.22990972422717,41.450994208882769],[2.229912435153811,41.450997676854726],[2.229915624169002,41.451001566594044],[2.22991825701442,41.451004773370158],[2.229922351212847,41.451010636878429],[2.22992715217203,41.451017507592432],[2.229928515253461,41.4510197689333],[2.229930154072958,41.451022486436081],[2.229933221996595,41.451027574459573],[2.229935021921615,41.451030564140844],[2.229936033877203,41.45103288420254],[2.229938495188921,41.451038540155068],[2.229940511252445,41.451043174267632],[2.229942146748367,41.451047510899222],[2.229944215303145,41.451053062931798],[2.229945248484291,41.451056935256567],[2.229947558713392,41.451065612513595],[2.229948609133889,41.451072419386051],[2.229949144708678,41.451075888059918],[2.229950040745327,41.451081729408862],[2.229950373543713,41.451084766614649],[2.229950672374125,41.451087537334267],[2.229951134663116,41.451091761468852],[2.229951755303127,41.45109870697177],[2.229952244257884,41.451104232787543],[2.229952432129936,41.451106341772181],[2.229952788095608,41.451113903670141],[2.229952930966669,41.451116887469709],[2.229953587955406,41.451125989353386],[2.229937316724469,41.451154114662081],[2.229933067880173,41.451161452897132],[2.229929377556942,41.451167831853851],[2.229924935733924,41.451175509695439],[2.22992050403255,41.451183172499526],[2.229903801865927,41.4511832776411],[2.229889374239587,41.451183342369575],[2.229873997753198,41.451185786548876],[2.229858989088845,41.451189381068978],[2.229830272142967,41.451200132821675],[2.229818229857501,41.451206051142108],[2.229807844937492,41.451211530187699],[2.229797672726671,41.451217244850547],[2.229787749245424,41.451223186364565],[2.229778062522483,41.451229354649584],[2.229768624635691,41.451235740779111],[2.229759447662937,41.45124233582667],[2.229750531710827,41.451249130785556],[2.229741900615344,41.451256134822955],[2.229733554696351,41.451263320918663],[2.229725505711876,41.451270707166465],[2.229717742117247,41.451278257459208],[2.228154145192602,41.452768019926616],[2.227779808754793,41.453570126521015]]]]}},
{"type":"Feature","properties":{"gml_id":"barris.18","barris_id":20.0,"nom":"CAN CLARIS                    ","nom_min":"Can Claris                    "},"geometry":{"type":"MultiPolygon","coordinates":[[[[2.23184562410657,41.441308991706642],[2.23043450482447,41.440568535623555],[2.229494257632103,41.441239848156464],[2.229314547273822,41.441343850704769],[2.229226839620576,41.441394416070871],[2.229278525886731,41.441447140629187],[2.229330236389431,41.441499847311313],[2.229451909884104,41.441623685982329],[2.229573595920629,41.44174751559828],[2.229681584802639,41.441857471982168],[2.229789574051618,41.441967428264775],[2.229888646355575,41.442068218229807],[2.22998771896814,41.442169008109609],[2.23000918633257,41.442190913772222],[2.230027932563554,41.442210107993439],[2.230060681292418,41.44224372676436],[2.230109774312268,41.44229417271638],[2.230134351094696,41.44231936886473],[2.23015900003385,41.442344538468461],[2.230188393096606,41.442374450704044],[2.230239882239179,41.442426768166968],[2.230255719867015,41.442442916388558],[2.230317158322644,41.442505217578443],[2.23035576629735,41.442544460077897],[2.230394338196737,41.442583720337524],[2.230488229617696,41.442679403926057],[2.230582121316307,41.442775087438029],[2.230698368525379,41.442893556063638],[2.23081460408383,41.443012033498555],[2.23087252638422,41.443071113233778],[2.230959355956083,41.443159750435235],[2.23104620981189,41.443248378724562],[2.231117262813806,41.443320769020445],[2.231223921069427,41.443429319396095],[2.231277232271452,41.443483603439837],[2.231330519409349,41.443537905312276],[2.2314478800932,41.443657624214737],[2.231565241206161,41.44377734299696],[2.231674146213236,41.443888367005918],[2.231783051483271,41.443999399918091],[2.231837343618955,41.444054834195228],[2.231878020726648,41.44409642311652],[2.231939006081736,41.444158846801884],[2.231999943566782,41.4442212791418],[2.233068040089379,41.445313475147877],[2.233145988435232,41.445269144313158],[2.233318416334232,41.445174004171058],[2.233433745670441,41.445098840057632],[2.233839111839991,41.444832398363985],[2.233970985330527,41.444744913628618],[2.23405529339309,41.444701518746044],[2.234581081859451,41.444241765591741],[2.235317664504956,41.443731528818098],[2.235373116640564,41.443698659976654],[2.235828924933227,41.443426961974254],[2.235126190371806,41.443033889969399],[2.234005429900654,41.442454324281172],[2.233670592548124,41.442323800905896],[2.233531898329019,41.442233595083643],[2.233409873957371,41.442159101063865],[2.23284484778035,41.441842595699008],[2.232756704439006,41.441795259174661],[2.232547819181753,41.441683614584356],[2.232066428581417,41.44142477051107],[2.23198458981622,41.441380898309433],[2.23184562410657,41.441308991706642]]]]}},
{"type":"Feature","properties":{"gml_id":"barris.19","barris_id":28.0,"nom":"CONGRÉS                       ","nom_min":"Congrés                       "},"geometry":{"type":"MultiPolygon","coordinates":[[[[2.230905479842115,41.439576075173946],[2.231594367869683,41.439169761277014],[2.232037771982573,41.43890915672867],[2.230259580787662,41.437321720294364],[2.229796442672276,41.436908043026961],[2.229769629818527,41.436884009343522],[2.22976955743626,41.436883953895368],[2.229226495791834,41.436396561867333],[2.228429667969007,41.436911010451652],[2.228232559693108,41.437035584721627],[2.227531987737241,41.437480505077531],[2.226817454356346,41.43792399417682],[2.226434651408907,41.438172502002267],[2.226274184172695,41.438358731994967],[2.22869505216011,41.439643945567376],[2.228709494441002,41.43965161483888],[2.228718622263926,41.439656397111428],[2.228729711128955,41.439662033377822],[2.229112150740882,41.439856358340876],[2.229185323895337,41.439893547548785],[2.229197028855546,41.439899675776743],[2.229297440759106,41.439953505872531],[2.229449348029415,41.440035025879688],[2.229567938819251,41.440101547049565],[2.229681971644246,41.440165077433846],[2.229807774432771,41.440236079891037],[2.230461769630546,41.439844238581507],[2.230600185438961,41.439761322458544],[2.230625527073843,41.439746081863035],[2.23063389680152,41.439740999431123],[2.230642881142176,41.439735543903524],[2.23064434875478,41.439734654754432],[2.230905479842115,41.439576075173946]]]]}},
{"type":"Feature","properties":{"gml_id":"barris.16","barris_id":21.0,"nom":"RAVAL                         ","nom_min":"Raval                         "},"geometry":{"type":"MultiPolygon","coordinates":[[[[2.240958796610834,41.448147316886434],[2.24100179081859,41.448145539560798],[2.241002501613955,41.448145576423173],[2.241003194624811,41.448145548825281],[2.241328109316404,41.448162462211123],[2.241583737615135,41.448164760740099],[2.242121663503962,41.448116225732761],[2.242303078485605,41.448093920634598],[2.242470287699667,41.448068125871046],[2.242567758596976,41.448050843017178],[2.242749732741387,41.447952689131668],[2.242773543625858,41.447941433464941],[2.242805081909097,41.447927855819366],[2.242269452290479,41.44735458344276],[2.241772015891545,41.446996681475234],[2.241679751049722,41.446921761639096],[2.241179160746964,41.446506368700739],[2.240528309680428,41.445986647808162],[2.240331562708091,41.445852236168967],[2.240140525138135,41.445716943150593],[2.239792699543306,41.445548006526785],[2.239251355439527,41.445261862914734],[2.238704941001847,41.444959289591289],[2.238225494206086,41.44469381760765],[2.23765215037036,41.444391601302733],[2.237605650306972,41.444365441642013],[2.236685539043546,41.443877439182238],[2.236358360711037,41.443705206283603],[2.235828924933227,41.443426961974254],[2.235373116640564,41.443698659976654],[2.235317664504956,41.443731528818098],[2.234581081859451,41.444241765591741],[2.23405529339309,41.444701518746044],[2.233970985330527,41.444744913628618],[2.233839111839991,41.444832398363985],[2.233433745670441,41.445098840057632],[2.233318416334232,41.445174004171058],[2.233145988435232,41.445269144313158],[2.233068040089379,41.445313475147877],[2.233119739553536,41.445366339930985],[2.2331728302906,41.445420297332866],[2.233227494160184,41.445475877533383],[2.233312429304212,41.445562275870827],[2.233397364672383,41.445648674145311],[2.233431161938293,41.445683010674529],[2.233464983392403,41.44571732933985],[2.233532650347575,41.445785966800095],[2.233554607208911,41.445808190414304],[2.233576600208222,41.445830396250095],[2.233620646633522,41.445874763274091],[2.233649962644676,41.445904376988636],[2.233669832643406,41.445924902279401],[2.233696536864233,41.445952661056687],[2.233723289413259,41.445980384119764],[2.233741172622683,41.445998842459367],[2.233765065081765,41.446023429875467],[2.233778738625971,41.446037464521879],[2.233794387892651,41.446053493970439],[2.233812320932326,41.446071790496376],[2.233832857236723,41.446092671488088],[2.233860255769751,41.446120443859201],[2.233887702419547,41.446148198529229],[2.233942595894979,41.446203698842794],[2.233979151448313,41.446240719787212],[2.234000007666553,41.446261891117771],[2.234023796826065,41.446286117492264],[2.234047253482577,41.446310116460729],[2.234070661850643,41.446334151132525],[2.234117394421455,41.44638225593075],[2.234148585665382,41.446414305009021],[2.234166447080353,41.446432601001248],[2.234182546324399,41.446449065749917],[2.234197854475829,41.446464597460384],[2.234282108707792,41.446550071767007],[2.234366363265711,41.446635537004902],[2.234436599188379,41.446706785168786],[2.234506835157952,41.446778042296351],[2.234530992281159,41.446802568258292],[2.2345551132991,41.446827111989649],[2.234603367253792,41.446876208523527],[2.234635568836277,41.446908912726997],[2.234653930105537,41.446927482191612],[2.234672351767428,41.446946007017836],[2.234684656928104,41.446958348052881],[2.234701103894492,41.446974788018501],[2.234723065576255,41.446996669152142],[2.234752399854954,41.447025832326602],[2.234772315560114,41.447045583084318],[2.234792267400725,41.447065316064034],[2.234832195165029,41.447104773165577],[2.234858773552375,41.447131098642501],[2.23488098439095,41.447153179566868],[2.23490314693869,41.447175296195397],[2.234947412014499,41.447219547054978],[2.234976946180608,41.44724903576877],[2.234993855486596,41.447265875094971],[2.23501321496793,41.447285090670029],[2.235023877311617,41.447295637263913],[2.235034563811663,41.447306166002555],[2.235055996886743,41.44732720586142],[2.235070317920899,41.447341199619338],[2.235089456675958,41.447359846243366],[2.235115011191818,41.447384687626851],[2.235140282349891,41.447409193844145],[2.235165601621032,41.447433682360781],[2.235182493327988,41.447449990101546],[2.23520506763081,41.447471722087968],[2.235235207120611,41.447500656296775],[2.235263607385461,41.447527840493514],[2.235292055873957,41.447554997981349],[2.235311045699024,41.447573085115003],[2.235336417742941,41.447597168608453],[2.235350945254643,41.447610920502044],[2.23536755684941,41.447626622852994],[2.235386596609588,41.44764453916418],[2.235411438919904,41.447667862492487],[2.235436317371543,41.447691168040635],[2.235486134604593,41.447737743491636],[2.235519374240621,41.447768778954696],[2.235552980872246,41.447800168138102],[2.235586611583289,41.447831548464038],[2.235609088361642,41.447852433020124],[2.235621961570042,41.447864345369879],[2.235636718548562,41.447877936617424],[2.235662668703473,41.447901744648256],[2.235688679153928,41.447925517043984],[2.235740736341047,41.447973035036163],[2.235775417056769,41.44800472853666],[2.235821644858576,41.448047091520273],[2.235867848567288,41.44808947233971],[2.235898679322038,41.448117699374301],[2.235910097580926,41.448128124801819],[2.235921528025717,41.448138532294223],[2.235944461173681,41.448159311725767],[2.235959790025821,41.448173149931414],[2.23598026088569,41.448191562051903],[2.236007639636949,41.448216073067599],[2.236023302004779,41.44823005759941],[2.236041239605157,41.448246029875335],[2.236061748432213,41.448264271091567],[2.236085219824374,41.448285099106961],[2.236276385762682,41.448454050191408],[2.236313415330152,41.448487316906188],[2.236331130578565,41.448503191849781],[2.236366561080086,41.448534941709845],[2.236422023747207,41.448581973592972],[2.236442150293087,41.448599052113174],[2.236475835215352,41.448628288276709],[2.236477471137361,41.448629541052604],[2.236509466670366,41.448657593061583],[2.236872058136775,41.448639613962484],[2.237172230541152,41.44859183600925],[2.237604575689006,41.448544264210256],[2.238000240637215,41.448509604569331],[2.238666995973455,41.448452807384506],[2.238938240570618,41.448428195122993],[2.239130077008347,41.448410979161054],[2.23938821966058,41.448366209429892],[2.239710128887399,41.44830693903458],[2.240041043460645,41.448245881499624],[2.240063316302219,41.44824190849242],[2.240083250219796,41.448238238128731],[2.240085209571106,41.448238003188358],[2.240089579690901,41.448237223649279],[2.240254807114131,41.448217522845511],[2.240315928601852,41.448209824059489],[2.240320628270009,41.448209145839797],[2.240351168093017,41.448204941258709],[2.240550060329058,41.448177415405034],[2.240758334357143,41.448158930682204],[2.240825514554874,41.44815282649364],[2.2408285036958,41.448152702930372],[2.240832539748188,41.448152344716554],[2.240958796610834,41.448147316886434]]]]}},
{"type":"Feature","properties":{"gml_id":"barris.17","barris_id":30.0,"nom":"PROGRÉS                       ","nom_min":"Progrés                       "},"geometry":{"type":"MultiPolygon","coordinates":[[[[2.244254248879958,41.437698663756628],[2.244234531152189,41.437674919065209],[2.242422149783335,41.438737217821185],[2.239572061607869,41.440416271447695],[2.238752426248936,41.440900042140278],[2.238423967459314,41.441093778962049],[2.23780352890678,41.441462936257629],[2.237642721411284,41.441558700179883],[2.237429482860438,41.441685101761692],[2.23711915527149,41.441863192071132],[2.236153791995751,41.442429296023768],[2.235541174668378,41.442792818321344],[2.235126190371806,41.443033889969399],[2.235828924933227,41.443426961974254],[2.236358360711037,41.443705206283603],[2.236685539043546,41.443877439182238],[2.237605650306972,41.444365441642013],[2.23765215037036,41.444391601302733],[2.238225494206086,41.44469381760765],[2.238704941001847,41.444959289591289],[2.239251355439527,41.445261862914734],[2.239792699543306,41.445548006526785],[2.240140525138135,41.445716943150593],[2.240331562708091,41.445852236168967],[2.240528309680428,41.445986647808162],[2.241179160746964,41.446506368700739],[2.241679751049722,41.446921761639096],[2.241772015891545,41.446996681475234],[2.242269452290479,41.44735458344276],[2.242805081909097,41.447927855819366],[2.242936483444627,41.44800472065117],[2.242968023849365,41.447989705672626],[2.242999683946894,41.447974691473256],[2.243142913968553,41.447908708771322],[2.243303241602321,41.44783428130583],[2.243473043514022,41.447758083211433],[2.243486047475028,41.447752264190818],[2.243574913837729,41.447702313977814],[2.243666652973071,41.447634645840793],[2.243744503358706,41.447556599449996],[2.243812523046312,41.447466670519759],[2.243813167012057,41.44746581907863],[2.243813338888598,41.447465554440171],[2.243822173223264,41.44745186597023],[2.243845854011319,41.4474241595221],[2.243880164812046,41.447375960783837],[2.243969312367684,41.447222590031288],[2.244091256630805,41.447016452320085],[2.244212112645545,41.446815119325606],[2.244299664614747,41.446671472505905],[2.244316528733132,41.446641268602036],[2.244327734831635,41.44662113792225],[2.244434810812141,41.446420795032637],[2.244544886108444,41.446220796091161],[2.244742417492204,41.445849565695362],[2.245019477605812,41.445331173034859],[2.245156017067568,41.445101235433796],[2.245156115606727,41.44510110014923],[2.245156263797456,41.445100896594681],[2.245156433894052,41.445100662960463],[2.245156521834304,41.445100542193025],[2.245198868743973,41.445042376680512],[2.245335354933319,41.444854892521228],[2.245401876653453,41.444777698933578],[2.24594962084016,41.444351269040069],[2.246099117553664,41.44414898758918],[2.2466289432151,41.443706911978232],[2.247907377859425,41.442416354173666],[2.24789386041893,41.442397997980173],[2.247832795586963,41.442314334025781],[2.247771911394418,41.44223059015242],[2.247708131023009,41.442142656864995],[2.247644819931084,41.442054528447514],[2.24762769905682,41.442029934274238],[2.24761317819751,41.442008239482689],[2.247588410163949,41.441970012083829],[2.247551618922854,41.441912529216964],[2.247532808344414,41.44188396070858],[2.247513348611971,41.441855631149821],[2.247446503116987,41.441761606654175],[2.247379260944798,41.441667741655628],[2.247321742708096,41.441588045878596],[2.247263779343541,41.44150855432882],[2.247257881863632,41.441500967509228],[2.247251928173461,41.441494100915101],[2.247246039322459,41.441487838242274],[2.247240264126131,41.441482098743478],[2.247228929698896,41.441471611974954],[2.247187112253535,41.441435794964541],[2.247176936584425,41.441426549792652],[2.247169573526589,41.441419412753191],[2.247164250268134,41.441413928416722],[2.247156639614965,41.441405429635012],[2.247149583937545,41.441396556174112],[2.24714243876844,41.44138610582818],[2.247136840471005,41.441376458261253],[2.24713255839377,41.441367891193693],[2.247129222522824,41.44136031212917],[2.247126594509226,41.441353629433209],[2.247122541453995,41.441341821192815],[2.247119891401965,41.44133290451191],[2.247116372104297,41.441319451407374],[2.247113224487891,41.441305946691429],[2.247111925546041,41.441296129105808],[2.24711226750443,41.441283124627859],[2.247115725162205,41.441253269646445],[2.247115930081758,41.441245902917146],[2.247115070782059,41.441236367439679],[2.247111366414065,41.441224426370034],[2.247106498065486,41.441214801594867],[2.247101781662924,41.441206528927452],[2.247092873201952,41.441192256895036],[2.24707911364948,41.441171008380415],[2.247072606232887,41.441160273967498],[2.247066687406705,41.441149363259242],[2.247058087601311,41.44113221086976],[2.247049944411659,41.441114908342954],[2.246909378996098,41.440972940738781],[2.246900215704582,41.440966215241737],[2.246888760774671,41.440956844569904],[2.246882197341693,41.440950955772003],[2.246870405845402,41.440939637291109],[2.24686053985314,41.44092950238354],[2.246843967045996,41.440911388014086],[2.24681973385872,41.440883909799155],[2.24680738246192,41.440870290752123],[2.24679457341805,41.440856911906835],[2.246767324812785,41.440829341872146],[2.246746782833875,41.440808733458134],[2.246731171549257,41.440793390648381],[2.246719285290998,41.440781990464167],[2.246701058367147,41.44076510826342],[2.246682252960197,41.440748564552507],[2.246674961101643,41.440742526852361],[2.246667926316417,41.440737031281046],[2.246654299910785,41.440727051871384],[2.246641996254867,41.440718621394232],[2.246619921211796,41.440704299102791],[2.246586482885623,41.440683038709082],[2.246570078062718,41.440672140345214],[2.246554192620774,41.440660840047649],[2.246511880654496,41.440629559287267],[2.246480445294905,41.440605897996164],[2.246457372682662,41.440587795026971],[2.246440499604179,41.440573921126784],[2.246428125486303,41.440563310368518],[2.246419049970068,41.440555216279485],[2.246405774657795,41.440542834158734],[2.246392957940575,41.440530130774292],[2.246379392918187,41.440515891222937],[2.246367891797734,41.440503286530905],[2.246358085404385,41.440492152146007],[2.246341399333951,41.440472469668784],[2.246329254644264,41.440457554855037],[2.246311464982835,41.440434973758329],[2.24629406054289,41.440412206027524],[2.24624881003085,41.440351478659458],[2.246226226751348,41.440321110739909],[2.246203378811985,41.440290858177548],[2.246180696977128,41.440261768656839],[2.246146163116147,41.440218342691189],[2.246129094739618,41.440196540931666],[2.246112399404806,41.440174570473872],[2.246101157319282,41.440159247210559],[2.246081982729026,41.440132234353449],[2.246054002476045,41.440091409429662],[2.246026275073575,41.440050460052511],[2.24600244473856,41.440015129828588],[2.245984869312941,41.439988541780551],[2.245959011257754,41.439948460347821],[2.245933803747481,41.439908022877546],[2.245924731104585,41.439892461613034],[2.245917373240153,41.439878704068867],[2.24591133746337,41.439866549507208],[2.245906326316148,41.439855842851586],[2.245898094131248,41.439836963356377],[2.245892298330778,41.439822693622574],[2.245884073208552,41.439801138967631],[2.245876208837998,41.439779442558816],[2.245630214383036,41.439422810606331],[2.245626381474877,41.439415795702921],[2.245620240160625,41.439403460284183],[2.245616062099594,41.439394209275044],[2.24561035724692,41.439380363471422],[2.245605153847962,41.439366629045949],[2.245604541584354,41.43935955420136],[2.245608266360917,41.439351111655597],[2.245614565196337,41.439343658796439],[2.245645351464554,41.439316865486873],[2.245650941990808,41.439310623981989],[2.245654838327263,41.439303902978075],[2.245655588069257,41.43929601739179],[2.245647141833699,41.439283225491806],[2.24564163123563,41.439277406579087],[2.245631619622757,41.439268513632321],[2.24561907222879,41.439259459932252],[2.245602533415307,41.439249839602745],[2.245591892524538,41.439244635568755],[2.245577112861948,41.43923815235167],[2.245564090955897,41.439232860636324],[2.24554117362591,41.439224144233911],[2.245506882869428,41.439211462003854],[2.245489938275433,41.439204838468392],[2.245473226527295,41.439197748071997],[2.245448478129441,41.439186938922496],[2.245404908141611,41.439168277901686],[2.245388675594258,41.439161154607504],[2.24537460089549,41.439154784079065],[2.245362397829962,41.439149074364828],[2.245341415350063,41.4391386682152],[2.245326057332641,41.439130451744944],[2.245314796533339,41.439124000592614],[2.245306499540967,41.439118992061765],[2.245294345072691,41.439111156906854],[2.245282554379721,41.43910291880379],[2.245270760493324,41.439093924054852],[2.245260895263391,41.439085833696979],[2.245252564231061,41.439078600104814],[2.245238469635131,41.439065690038362],[2.245197609303697,41.439026014383955],[2.245143659111455,41.438976596837406],[2.245130686100298,41.438964000371726],[2.245121377900047,41.438954328351087],[2.245114700929118,41.438946907442478],[2.245105281756879,41.438935451221859],[2.245100861361952,41.438929558372159],[2.245096669842391,41.438923540920698],[2.245089629803082,41.438912334508721],[2.245084071482356,41.43890238084736],[2.245079588871548,41.438893596204856],[2.24507235959972,41.438878064985381],[2.245052256523798,41.438831067385443],[2.245048339705502,41.438822007225582],[2.245041679933277,41.438804849398451],[2.245020441891984,41.438744252136459],[2.245014426909328,41.438729296352292],[2.245009420280489,41.438718220380544],[2.245005326088223,41.438710005752583],[2.244998524364131,41.438697864126837],[2.244990821936727,41.438685977802855],[2.244979439566262,41.438670410304134],[2.244968953009169,41.438657073519657],[2.244959450434949,41.43864558971665],[2.244942252059379,41.438625777562152],[2.244889380759469,41.438566981238161],[2.244862333990996,41.438536610755811],[2.244821324196713,41.438491295333613],[2.244801120374178,41.438468481963987],[2.244781434471128,41.438445392761629],[2.244776432257578,41.438439099751434],[2.244772049191683,41.438433090037151],[2.244764474524587,41.438421546818596],[2.244758405705745,41.438411238498517],[2.244748575998735,41.438392879863031],[2.244734162319231,41.438365195458601],[2.244726384293854,41.438351579193835],[2.24472220068446,41.438344886223049],[2.24471776457837,41.438338290675546],[2.244709602199368,41.43832685168254],[2.244694834202772,41.438307010414192],[2.244672327573376,41.438277381290234],[2.244661284611154,41.43826249154499],[2.244650602394286,41.43824746004919],[2.244642602428471,41.438235436635246],[2.244629408097891,41.438214083439057],[2.244610067804572,41.438181853938346],[2.244599898655446,41.438165934072408],[2.244594555601261,41.438158071522949],[2.244588983989191,41.438150306553631],[2.244577783799332,41.438135559886078],[2.24456766175737,41.438122801933332],[2.244549473043638,41.438100677311631],[2.24452182301096,41.438067654600282],[2.244508202626336,41.438051045504629],[2.244494943197195,41.438034276644856],[2.244477126981262,41.438011001507782],[2.244450913815629,41.437975880480458],[2.244438131971382,41.437958186986556],[2.244425614808494,41.437940378133568],[2.244418122578698,41.437928961536741],[2.244412004103256,41.437918815004871],[2.244401930695131,41.43790084205633],[2.244387079178562,41.437873776241652],[2.244379190637227,41.437860411434009],[2.244370629020066,41.437847285403905],[2.244356003349352,41.437826544282693],[2.244344763444012,41.437811103758712],[2.244327434510627,41.437788138051793],[2.244309492146156,41.437765429526678],[2.244281906614485,41.437732028867451],[2.244254248879958,41.437698663756628]]]]}},
{"type":"Feature","properties":{"gml_id":"barris.20","barris_id":25.0,"nom":"LA MORA                       ","nom_min":"La Mora                       "},"geometry":{"type":"MultiPolygon","coordinates":[[[[2.234504335784517,41.433352101350891],[2.23565633959733,41.434462440073254],[2.235724668385687,41.434528348535849],[2.235908291036071,41.434701779293697],[2.236021211851015,41.434807497004982],[2.236545188900298,41.435312573725852],[2.236740514822905,41.435499353206374],[2.237137498791764,41.435888648714318],[2.237601473213075,41.436332137344756],[2.237813216858169,41.436529817941341],[2.23822191583664,41.436913459768043],[2.23826551010678,41.436959183028627],[2.238413337843383,41.437113998626842],[2.238670136735542,41.436964963676232],[2.238800736913918,41.436884518265657],[2.239618805288282,41.436417868613738],[2.239728912411036,41.43653514307654],[2.239866305966846,41.436547182539854],[2.240370662310059,41.436289851878342],[2.240922742918767,41.436939446602899],[2.241090283236782,41.437135373995737],[2.241346819956997,41.437448664885615],[2.241401369127439,41.437514951787044],[2.241534609608966,41.437676589140288],[2.241823200523484,41.438025926555383],[2.242422149783335,41.438737217821185],[2.244234531152189,41.437674919065209],[2.244205566372646,41.437640038753244],[2.244193768544595,41.437625234074702],[2.244185184928998,41.43761400845284],[2.244172898702067,41.43759693969799],[2.244167074333228,41.437588272303501],[2.244161490492528,41.437579507407804],[2.244155242943216,41.43756914383507],[2.244144826120882,41.437550862353241],[2.244114620634513,41.437495709510138],[2.244086319027709,41.437446685216067],[2.24405813756961,41.437397625674642],[2.244043839496723,41.437340302193221],[2.244230922188898,41.437300677286153],[2.244244019392542,41.437341617862067],[2.244855366080622,41.437215797532616],[2.244863732241517,41.437213817336144],[2.244869507897384,41.437210982983672],[2.24487571142078,41.437207051924595],[2.2448807130447,41.437201260026491],[2.244884995594486,41.437190730806293],[2.244884421539482,41.437182079102172],[2.243022029879822,41.431954337964768],[2.243074786443404,41.431945115604513],[2.242845600048691,41.431290991358274],[2.242835621089205,41.431267989146519],[2.242825529465423,41.4312546748911],[2.242812783154814,41.431243715898731],[2.24279922572444,41.431234728849887],[2.242781962767667,41.431228090143655],[2.242769133684661,41.431224248829309],[2.242753138289427,41.431221573035991],[2.242737389507433,41.431220282964198],[2.242717937493756,41.431221143518982],[2.242698983301341,41.431224380091308],[2.242678402251935,41.431231955975427],[2.242662010754028,41.431240745817071],[2.242651942685877,41.431247995470919],[2.242641045086421,41.431258798774891],[2.242630610802651,41.431274943799949],[2.242623819952288,41.431294078746987],[2.242623912459561,41.431308711268954],[2.242625869237711,41.431321181054386],[2.24263122744801,41.431334859611781],[2.242640019292795,41.431346978953023],[2.24264987808148,41.43135772122006],[2.242665511899359,41.431368896974121],[2.242669777088108,41.431372691583277],[2.242885778843733,41.431981857578528],[2.242690656969097,41.43202098746535],[2.242738440321732,41.432169068083418],[2.242822540483154,41.432152571908929],[2.243583344638902,41.434293061805654],[2.243303426953668,41.434351338896192],[2.243320112809091,41.434401818276022],[2.243602877784574,41.434346267914982],[2.244340841138299,41.436434586053437],[2.241613072385043,41.436984943941582],[2.240833850453798,41.436003291588342],[2.240360793387339,41.434659967193753],[2.242720918717154,41.434184845816041],[2.242515894542991,41.43361375104012],[2.239946201112105,41.434137469721279],[2.239815347775232,41.433768712506826],[2.240421763655441,41.433647140323181],[2.240359939975216,41.433472515104739],[2.240439950626948,41.433456737564974],[2.240502924816298,41.433630512127699],[2.240771900165236,41.433574945644935],[2.240502123438834,41.432819497238803],[2.241822365284698,41.432551864702042],[2.242095111835736,41.433318328723416],[2.242391175806652,41.433257630074046],[2.24199909680292,41.432158001974329],[2.241709579026819,41.432097001959114],[2.241577573520714,41.432096131484052],[2.241500794961842,41.432090435053844],[2.241408332319002,41.432077962176365],[2.24132375927414,41.432064799834698],[2.241228436409228,41.432044152127276],[2.241157724185258,41.432025149611341],[2.241059558447958,41.431994844313152],[2.240992881863277,41.431967712511643],[2.240922308104254,41.431936847758777],[2.240822388526701,41.431887994734716],[2.2407705320628,41.431857253446559],[2.240709913407329,41.431817557029596],[2.240655179548152,41.431780123750471],[2.240613208944255,41.4317464819134],[2.240505020700193,41.431646414797058],[2.240270308887772,41.431413535859498],[2.240107682836917,41.431250827936502],[2.241060669442336,41.430780514512065],[2.24106439405323,41.430778081373887],[2.241065331034914,41.430777509220853],[2.241069724262784,41.430772326915644],[2.241071633360454,41.430768347233879],[2.241072942560141,41.430763723609338],[2.2410728427625,41.430758389751809],[2.241071868154027,41.430755152925357],[2.241071043074714,41.430752983725462],[2.241068894952693,41.43074967820386],[2.241064370325197,41.430745290359198],[2.241060415618532,41.430742778163001],[2.241056407559593,41.430740575070693],[2.24105083023082,41.430738984713827],[2.241042489437449,41.4307377573233],[2.241037242746638,41.430738362159218],[2.241033128863716,41.43073897447092],[2.24102659409791,41.43074074315161],[2.240218313824287,41.431139250050123],[2.240204251954115,41.431145980383953],[2.240200903751884,41.431146985493704],[2.240197026786044,41.431147815904822],[2.240194444140039,41.431148198320265],[2.24019087779213,41.431148403031372],[2.240186826722197,41.431148531253491],[2.240182914692615,41.431148179227911],[2.240180010611188,41.431147670772134],[2.240177585792009,41.431147212079779],[2.240175657336338,41.431146590419786],[2.240173014185199,41.431145659862622],[2.240169995248857,41.431144441480726],[2.24016675750153,41.431142479764297],[2.240163974026714,41.431140578117585],[2.240161271703194,41.431138220460056],[2.240122736973374,41.431094742720866],[2.240095384181836,41.431062664356617],[2.24009040179152,41.431056538739959],[2.240087415824068,41.431051764594734],[2.240086532856116,41.431048565671887],[2.240085897822135,41.431044170979192],[2.240086293711899,41.43103965396638],[2.240088066678319,41.431034758656196],[2.240090683926977,41.431031031115069],[2.240092947486483,41.431028205162541],[2.240095894309002,41.431025641989272],[2.240099352825116,41.431023340461536],[2.240910106148223,41.430623811815437],[2.240922251749426,41.430617655813521],[2.240927852439026,41.430612449298842],[2.2409307109406,41.430608174512848],[2.240931891146363,41.43060481343619],[2.240932391573682,41.430599532242724],[2.240932168327098,41.430596095846468],[2.240930810310859,41.430592123510564],[2.240927703948183,41.430587545128887],[2.240923801550277,41.430583489942521],[2.240918573453564,41.430580218680191],[2.240912108962157,41.430577599818712],[2.240906502856766,41.430576638027965],[2.24090115311196,41.430576272434969],[2.240897378495879,41.430576313575969],[2.240889284197163,41.430577977608728],[2.240886819709726,41.43057887961286],[2.240464539507593,41.430787095510574],[2.240031157360673,41.431000543097198],[2.239972068504977,41.430953595484631],[2.239907272446021,41.430868801667835],[2.239893669525231,41.430816824950533],[2.239826334024796,41.430769246059114],[2.23979356435965,41.430736154595699],[2.239772238014224,41.430714625162949],[2.23976080397766,41.430702271019051],[2.239755706439569,41.430695008576954],[2.239749661716365,41.430688915618411],[2.239741166982208,41.430679446688444],[2.239733395665411,41.430669523160873],[2.239722042942554,41.430653694098822],[2.239702739452071,41.430625886623474],[2.239688681785714,41.430604941464928],[2.239668177988181,41.430573333916236],[2.239648275740707,41.430541460117773],[2.239610923826483,41.430480872322441],[2.23959268024978,41.430450450671053],[2.239583810836651,41.430435151438566],[2.239575181723805,41.430419772727312],[2.239566268998144,41.430403059039044],[2.239558805025057,41.430388345573796],[2.239533858269303,41.430336486920311],[2.239521186759566,41.430310614829516],[2.239514598692676,41.430297762685754],[2.239507758470451,41.430284980933628],[2.239490080017772,41.4302533199753],[2.239463093852664,41.430205978560643],[2.239436468011877,41.430158531432951],[2.239416483739039,41.430121405712207],[2.239387060029913,41.430065536127067],[2.239372246103086,41.430037632182405],[2.239357143814062,41.430009825410259],[2.239347727728128,41.429993180434025],[2.239330531828576,41.429964278917772],[2.239304059325624,41.429921138327806],[2.239291027374468,41.429899497322289],[2.23927843990829,41.42987771513635],[2.239262418870744,41.429848650239421],[2.239250754383695,41.429826748051553],[2.239233737993058,41.429793758329602],[2.2392175899733,41.429761224721517],[2.239203765520807,41.429735714270947],[2.239182476365319,41.429697616078151],[2.239160706541901,41.429659685842466],[2.239145151713669,41.429633749594217],[2.239120984398046,41.42959512793076],[2.239108978959535,41.429575781584774],[2.239097322053675,41.429556311439335],[2.239085368952525,41.429535560276328],[2.239065138566235,41.429499045367827],[2.239050488342243,41.42947149375216],[2.239029287550876,41.429429946264058],[2.239008915476027,41.42938815204716],[2.239001890988362,41.429372720855923],[2.238996161637608,41.42935911773754],[2.238977321411892,41.429311190576492],[2.238967475050534,41.429287345774398],[2.23896216776238,41.429275519912999],[2.238956500300544,41.429263790749665],[2.238925482220382,41.429203091505762],[2.238893731670034,41.429142603583806],[2.238840260531239,41.429042059921514],[2.238813272712066,41.428991871981424],[2.238785936622239,41.428941789818609],[2.238777155375351,41.428926148820473],[2.238761244529651,41.428898958125885],[2.238736885788906,41.42885832644992],[2.238724868671257,41.42883795313557],[2.23871319987272,41.428817474036364],[2.238695796605373,41.428785886828614],[2.238670178090713,41.428738365112558],[2.238645040089564,41.428690693445049],[2.238627265185003,41.428656095280239],[2.23860117330323,41.428604030662996],[2.238574901218953,41.428552027898334],[2.238566353348945,41.42853588401141],[2.23855062002204,41.42850785676896],[2.238526383483234,41.428466009849913],[2.238514565456326,41.428444998301977],[2.238503299924805,41.428423819269717],[2.238499383860506,41.428415848775046],[2.238492738857408,41.428400735323251],[2.238487497714594,41.428387360595956],[2.238479109021167,41.428363750586342],[2.238473033518198,41.428345992716316],[2.238468329848719,41.428332711621486],[2.238464628127556,41.428322787929837],[2.238458625255191,41.428308030018208],[2.238451890182022,41.428293456413876],[2.238435064276425,41.428260620952429],[2.238408852905124,41.428211636041908],[2.238395759148595,41.428187148166963],[2.238382929519724,41.428162589980097],[2.238374778135494,41.42814632259936],[2.238361098933784,41.42811766039695],[2.238341078576523,41.42807451726469],[2.23833084622762,41.428053011781479],[2.238320193459266,41.428031638624432],[2.238313666447065,41.42802076844832],[2.238303289941127,41.428007494810529],[2.238296684885541,41.428000227093705],[2.238284444543089,41.427987706741895],[2.238275052638879,41.42797824977135],[2.238268100440826,41.427970988760954],[2.238263031820466,41.427965379580968],[2.238255797626043,41.427956648488752],[2.238249155823164,41.42794740789568],[2.238240315228036,41.427933793135288],[2.238232914799482,41.427921881313061],[2.238226837500616,41.427911446467945],[2.238221941728641,41.427902316520786],[2.238218037907692,41.427894328081969],[2.238214972046993,41.427887345019933],[2.238210725855572,41.42787588644736],[2.238208082622326,41.427866537227104],[2.238206656662802,41.427859528997963],[2.238205397993281,41.42784640582304],[2.238205609660846,41.427838543727248],[2.238209514522915,41.427828030885102],[2.238217821790344,41.427814601770748],[2.238222436098714,41.427807894768598],[2.238231935902625,41.427795851691393],[2.23823837245497,41.427788877528251],[2.238247329565741,41.427783325221633],[2.238261129083928,41.427778165286746],[2.23826938272881,41.42777340998132],[2.238282811478562,41.4277539077382],[2.238293912954414,41.42773692117062],[2.238303107960297,41.427723308773459],[2.238312243127469,41.427709695979225],[2.23831410853965,41.427701646672439],[2.238311076033583,41.427692835322638],[2.238305488877057,41.4276844934545],[2.238298301521915,41.427675852749168],[2.238289342111456,41.427667281373267],[2.238280748109154,41.427661234501123],[2.238271181579014,41.427656478258569],[2.238262193587719,41.427653419246631],[2.238247166503085,41.427649959934598],[2.238238433943017,41.427648596012105],[2.238223052080607,41.427646818738843],[2.238211504759643,41.427645652347906],[2.238190140103927,41.427642754546092],[2.238177690509346,41.427639942820072],[2.238155275331419,41.427633750335794],[2.238138601503526,41.427628856924422],[2.238126273738889,41.42762483900249],[2.238117156862852,41.427621544931824],[2.238100460151906,41.427614516599192],[2.238090727475136,41.427609642144063],[2.238081061274594,41.427604200659587],[2.238072993164754,41.427599238149242],[2.238066200248539,41.427594734459177],[2.23805090767166,41.427583283759958],[2.238044105686576,41.42757750995893],[2.238034457511719,41.427568483627354],[2.23802546082411,41.427559011239367],[2.238013606138089,41.427545250385727],[2.237996496743397,41.427524401884867],[2.237987857649254,41.427514031118882],[2.237978929559775,41.427503811563867],[2.237965385710989,41.427489174797856],[2.237944600973189,41.427467410198261],[2.237934292746873,41.427456496928535],[2.237924225232677,41.427445468156215],[2.237913877259613,41.427431816358286],[2.2379050957958,41.42741827402223],[2.237900470814555,41.427411577864866],[2.237895364944289,41.427405067676844],[2.237888368250643,41.427397527117101],[2.237882674582596,41.427392156978577],[2.237873489319922,41.427384484817487],[2.237863617412931,41.427377195425251],[2.237856294554338,41.427359690468897],[2.237848455436492,41.427342326209747],[2.237836257103452,41.427317033531452],[2.237823998734578,41.427291758468733],[2.237806087106392,41.427255618989037],[2.237788223470921,41.427219470816951],[2.237776850739073,41.42719521945979],[2.237768614226163,41.427176024049579],[2.237760965675631,41.42715669742411],[2.237746184638769,41.427117921487763],[2.237731359599607,41.427079838830814],[2.237716534577639,41.427041756171796],[2.237706214987194,41.42701546709764],[2.237695439400282,41.426989283089121],[2.237687731688097,41.42697194671122],[2.237679236173561,41.426954433969158],[2.237670200364211,41.426937070771451],[2.237651528204944,41.426902529549068],[2.237639376310329,41.42687941695732],[2.237626065448405,41.426852054174667],[2.237612994777182,41.426824620923064],[2.237603800748917,41.426806464015698],[2.237598224466939,41.426796185583243],[2.237587044860189,41.42677691660279],[2.23757540862398,41.42675780672792],[2.237552124205266,41.426719586895217],[2.237537480979569,41.4266946112485],[2.237522945887865,41.426669600286942],[2.237515093431731,41.426655433557478],[2.237507625497428,41.426641134265218],[2.237492701078005,41.426612580792316],[2.23748778067129,41.426604549556693],[2.237482126813201,41.42659681070343],[2.237472281977404,41.426585179867395],[2.237448172964851,41.426559132610933],[2.237441692355357,41.426551478348038],[2.237434916645662,41.426542452996323],[2.237428564262606,41.426532025289774],[2.237424063244843,41.426521907104934],[2.237420822017533,41.426509473352695],[2.237419322824258,41.426496465667874],[2.237418900777741,41.426486518649575],[2.237418438530453,41.426463654687964],[2.23741835932397,41.426440784258794],[2.237418645400852,41.426425554565483],[2.237419552985112,41.426405284823893],[2.23742037541857,41.42639637290641],[2.237421580681094,41.426387472534884],[2.237424374245264,41.426369665324252],[2.237425841683993,41.426357794234086],[2.237426328192723,41.426350996838707],[2.237426464982828,41.426343404469108],[2.237426206766211,41.426335818487665],[2.237424888669705,41.426320632201531],[2.237421223448166,41.426290243798128],[2.237420499328242,41.426281564826283],[2.23742011276059,41.426271654072657],[2.237420533294023,41.426260271449841],[2.237421779423174,41.426248903308959],[2.237425396759191,41.426226156472573],[2.237427560863029,41.426211002283942],[2.237428344544417,41.426202333310179],[2.237428592209695,41.426192426762022],[2.237428173058137,41.426183254402765],[2.237427226951141,41.426174114579077],[2.237424664053993,41.426159964901998],[2.237421761801744,41.426149244811462],[2.237417067832263,41.426136188918832],[2.237413570343165,41.426128266196677],[2.237406318734535,41.426113896271417],[2.23739847517198,41.426099999814909],[2.2373929208523,41.426090919507146],[2.237381641509274,41.426074016954686],[2.231748728521365,41.430696590079556],[2.232874748106755,41.431780955600189],[2.233439197255107,41.432318950452995],[2.233550787415017,41.432427243002742],[2.234464216136666,41.433314974812191],[2.234504335784517,41.433352101350891]]]]}},
{"type":"Feature","properties":{"gml_id":"barris.21","barris_id":9.0,"nom":"LES GUIXERES                  ","nom_min":"Les Guixeres                  "},"geometry":{"type":"MultiPolygon","coordinates":[[[[2.250509068402783,41.45970491933862],[2.25038482929246,41.459825924456887],[2.250249059695411,41.459978358099605],[2.25014414374127,41.460118391209527],[2.249996285743513,41.460350555419218],[2.249941789547216,41.460476215327489],[2.249883154676883,41.46065554024473],[2.249983967446785,41.460733527164081],[2.249993934651938,41.460740374756135],[2.250012667859494,41.460752323670569],[2.25003157077442,41.460764093539879],[2.250086140262909,41.460796975189055],[2.250113394731616,41.460813447332427],[2.250140383002008,41.4608301609344],[2.250171823817114,41.460850146233255],[2.250218628338744,41.460880428092558],[2.25026522728432,41.460910888741118],[2.250311693427081,41.460941447586663],[2.250357772528268,41.460972346172909],[2.250376933199107,41.460985657935467],[2.250405184740389,41.461006018710172],[2.25043323078362,41.461026549279765],[2.250459946232957,41.461046170427998],[2.250479808000245,41.461060990983086],[2.250506887129335,41.461081771387171],[2.250506787417019,41.46108169506757],[2.250506786545034,41.461081770731724],[2.250730352444542,41.461168621241342],[2.253084070509777,41.462711823610469],[2.25313762955791,41.463966947372093],[2.253138950789065,41.464088649775178],[2.253151799129404,41.464390411160132],[2.253159201064579,41.464574533900112],[2.253174166553963,41.465047089384512],[2.253185294568563,41.465261915404341],[2.253188609496975,41.465328408329945],[2.253192008099543,41.465403715908998],[2.253210046418282,41.465550000642558],[2.253207155193973,41.465758882264517],[2.25347622576382,41.46588971480854],[2.255067411461747,41.46641298603808],[2.255268498156995,41.466498543647006],[2.255519895406996,41.466604774322072],[2.255647815691846,41.46668822731187],[2.2551094068644,41.467172929236057],[2.254976209709067,41.467088550862194],[2.254798707083614,41.467237033224578],[2.254596559008252,41.467113929641158],[2.253301531961892,41.468292148196689],[2.253312684981487,41.46852194559272],[2.253471669816057,41.469563613599568],[2.253480420290416,41.469585837646406],[2.253515238427932,41.469673012216923],[2.253549948574019,41.469760213096833],[2.253562551871519,41.469793162951113],[2.253574723056012,41.469826200073761],[2.253598717158822,41.469892362128704],[2.253615217573479,41.469936353335989],[2.253644817629801,41.4700128382269],[2.253674441807386,41.470089314258125],[2.253697444682568,41.470148993525292],[2.253720411674629,41.470208672554328],[2.253729010056248,41.470230598347889],[2.253737848664076,41.470252462647402],[2.253756246352471,41.470296024777589],[2.253768991657362,41.470324967227128],[2.253786561448484,41.470363452805621],[2.253791987735621,41.470374819338126],[2.253797678505455,41.470386097512026],[2.253809709071593,41.470408450898887],[2.253818174246762,41.470423205918003],[2.253829937913669,41.47044272924267],[2.253846311716676,41.470468560641187],[2.253868996585358,41.470502755828605],[2.253885934184358,41.470527464951552],[2.253903293501566,41.470551951622014],[2.253915119306856,41.470568151604255],[2.253931220084652,41.470589603615224],[2.253953313600728,41.470617940129536],[2.253966278597244,41.470634012384068],[2.253981434051533,41.470652269631309],[2.254045849279939,41.470728691974514],[2.254110276530189,41.470805123365729],[2.254118916443714,41.470815096557338],[2.25412728971936,41.470824302388984],[2.254143598072471,41.470841243000265],[2.254158376865441,41.470855804740836],[2.254184974839406,41.470880891718615],[2.254225239244793,41.470918335400178],[2.254244889263211,41.470937333339101],[2.254254455213442,41.470946970242558],[2.254271023792255,41.470962111039562],[2.254332263930244,41.471024100768432],[2.254412793399315,41.471105230153775],[2.254510320456662,41.471226777827283],[2.254586968437578,41.471327905410632],[2.254679293693,41.471454058041637],[2.254732490491917,41.471531398107565],[2.254746260869445,41.47155037587634],[2.254759719797737,41.471570405492834],[2.254772324785955,41.471590753841859],[2.254784040114679,41.471611402677411],[2.254794890146391,41.471632316127973],[2.254804827186458,41.471653475869964],[2.254813863312445,41.47167487297444],[2.254821974883056,41.471696480266196],[2.254829162207163,41.471718270725226],[2.254835425490371,41.471740226338156],[2.254840741091257,41.471762319929795],[2.254845121293726,41.471784524557577],[2.254848542249818,41.471806831059737],[2.254851016243405,41.47182921249366],[2.254852531608088,41.471851641761631],[2.254853088549354,41.471874100850144],[2.254852699351068,41.47189656281661],[2.254855277202163,41.471920332064485],[2.2548587339682,41.472050268372591],[2.254861085219841,41.4721136597597],[2.25486115995681,41.472137439812968],[2.254861112569041,41.472153067366676],[2.254861449927555,41.472209311835506],[2.254847121340719,41.472729036757691],[2.255403923900983,41.472850882857529],[2.255501979286531,41.472872306682248],[2.256081771645134,41.472999999985603],[2.257092286417373,41.473219403280218],[2.25864182055505,41.473556586910064],[2.262448886754916,41.469408433920556],[2.26423756187227,41.466780634931681],[2.26463041434686,41.465459382844138],[2.26579560892276,41.464699663783314],[2.266562929734629,41.464310653391145],[2.267819951135636,41.463862503028892],[2.268086290207408,41.463454052548194],[2.266746526315522,41.462857525852939],[2.265968380745084,41.462528904046813],[2.265893260087109,41.462498654720548],[2.265809054379576,41.462464924488891],[2.265724824813925,41.462431194042715],[2.265640598286438,41.462397202338494],[2.265556481033158,41.462363085166508],[2.265362868657948,41.462284663163764],[2.265265970761776,41.462245636105187],[2.265168817268347,41.46220698564202],[2.265117816991403,41.462187023371058],[2.265028135421173,41.462152627030846],[2.264960637135888,41.462127154732229],[2.264757657355153,41.462051292955287],[2.264666727376128,41.462017203604965],[2.264575809467378,41.461983114259496],[2.264484891655548,41.461949024842312],[2.264393961967305,41.461914935276774],[2.264345482273206,41.461896601122625],[2.264297014478331,41.461878276031527],[2.264248760906339,41.46186006938774],[2.26420032378787,41.461842212838107],[2.263932237380435,41.46174562101838],[2.263664067154429,41.461649100092295],[2.263395742595972,41.461552532510758],[2.263127442794723,41.461455964458061],[2.262576588426456,41.46125931218107],[2.262542278887013,41.461246977051125],[2.26250799330721,41.461234642064653],[2.262473707740638,41.461222307067963],[2.262439446133689,41.461209972214739],[2.262415427528311,41.461201405139377],[2.262391397058333,41.461192828975413],[2.262367366594806,41.461184252806426],[2.262343336137727,41.461175676632429],[2.262230159036867,41.461135416586032],[2.2621168842494,41.461095335948976],[2.261890030865139,41.461015604743558],[2.261738632949048,41.4609627135317],[2.261132508686021,41.460751872857223],[2.260948154103872,41.460687878743201],[2.26076354364456,41.460624306035264],[2.260640319332863,41.460582205327889],[2.260475748427804,41.460526480435028],[2.260381573467879,41.460494888875623],[2.260265492609872,41.460456427698432],[2.260149093932537,41.460418549840433],[2.260071331868933,41.460393594065422],[2.259967449860507,41.460360651608404],[2.259828615073395,41.460317270180504],[2.259749160058447,41.460292736009905],[2.259430114535639,41.460195014234905],[2.259110801135788,41.460097767239382],[2.258749015511158,41.459987031734379],[2.25862817038666,41.459950709522424],[2.258558954639451,41.459930311885529],[2.258479661693933,41.45990739921654],[2.258464288280825,41.459903111644991],[2.258448818880743,41.459898841467364],[2.258417797713887,41.45989017447075],[2.258225019068906,41.459837679044213],[2.258148713995283,41.45981632568683],[2.258072444788315,41.459794981517433],[2.257996127329153,41.45977367301569],[2.257919785769113,41.459752382322492],[2.257720817080703,41.459696774575178],[2.257521955977944,41.45964121221408],[2.25750083709339,41.459635716457036],[2.257479514467463,41.459630237395629],[2.257436851965009,41.459618693666513],[2.25734268948483,41.459593585476618],[2.257248503132359,41.459568477055193],[2.257154316853397,41.459543368556844],[2.257060142517935,41.459518269065718],[2.25699579792217,41.45950128874415],[2.256882906369331,41.459472204002488],[2.256564446623804,41.459392051530919],[2.256379264400637,41.459345655096115],[2.256283912915542,41.459321979538139],[2.256188573885569,41.459298267951681],[2.256093235131992,41.459274538272879],[2.255991293093811,41.459249225528424],[2.255914805268963,41.459230364560327],[2.255799914001441,41.459202418766409],[2.255742429910025,41.459188670763247],[2.255684812080768,41.459175102014399],[2.255575147075305,41.459149810979888],[2.255410373896588,41.459112435411335],[2.255245602766321,41.459074897485579],[2.255143928611735,41.459051342171875],[2.255042241011543,41.459027921792426],[2.254940562672556,41.459004744583495],[2.254838860461484,41.458981567129783],[2.254248436365357,41.458846051653488],[2.253797991145699,41.458743507861314],[2.253251211582657,41.458619704425509],[2.252867015842713,41.45876761906996],[2.252548155905971,41.458797630397974],[2.251912271237065,41.458946253161585],[2.251722591925828,41.458996389604074],[2.251482627413943,41.459079786781672],[2.251216126999938,41.459186720088233],[2.250970157838447,41.459335277912118],[2.250755611498643,41.459491943040653],[2.250638842065527,41.459588150654518],[2.250509068402783,41.45970491933862]]]]}},
{"type":"Feature","properties":{"gml_id":"barris.24","barris_id":12.0,"nom":"LLOREDA                       ","nom_min":"Lloreda                       "},"geometry":{"type":"MultiPolygon","coordinates":[[[[2.227780092418246,41.453570128425625],[2.227794385375576,41.453567595105696],[2.227794401335716,41.453567540745595],[2.227780118938508,41.453570071557117],[2.227779808754793,41.453570126521015],[2.228154145192602,41.452768019926616],[2.229717742117247,41.451278257459208],[2.229725505711876,41.451270707166465],[2.229733554696351,41.451263320918663],[2.229741900615344,41.451256134822955],[2.229750531710827,41.451249130785556],[2.229759447662937,41.45124233582667],[2.229768624635691,41.451235740779111],[2.229778062522483,41.451229354649584],[2.229787749245424,41.451223186364565],[2.229797672726671,41.451217244850547],[2.229807844937492,41.451211530187699],[2.229818229857501,41.451206051142108],[2.229830272142967,41.451200132821675],[2.229858989088845,41.451189381068978],[2.229873997753198,41.451185786548876],[2.229889374239587,41.451183342369575],[2.229903802002503,41.451183277642016],[2.22992050403255,41.451183172499526],[2.229924732165086,41.451175861705011],[2.229924935752217,41.451175509701407],[2.22992868737549,41.451169024912829],[2.229929377572425,41.451167831858889],[2.229932487030099,41.451162456863841],[2.229933067873132,41.451161452894809],[2.229937316537918,41.451154114601003],[2.229937343964041,41.451154067196612],[2.229942770429405,41.45114468751639],[2.22995358795816,41.451125989120627],[2.229952932999889,41.451116915417835],[2.229952931069593,41.451116887466959],[2.229952788441701,41.451113903660911],[2.229952432377074,41.451106343635679],[2.229952244135784,41.451104232793767],[2.229952236365588,41.451104145167967],[2.229951761148388,41.45109877580586],[2.229951755053508,41.451098706984375],[2.229951139139861,41.451091811764478],[2.229951134523873,41.45109176147745],[2.22995067254114,41.451087537323943],[2.22995066470383,41.451087464741818],[2.229950373518601,41.451084768709194],[2.229950041051904,41.451081729643633],[2.229949144479678,41.451075888079899],[2.229949136972683,41.451075839447839],[2.229948609426661,41.451072420784463],[2.229947559011673,41.451065613446602],[2.229946346331017,41.451061059247444],[2.229945950383848,41.451059571918769],[2.229945249193254,41.451056938054307],[2.229944215307552,41.451053062559438],[2.229942255413303,41.4510478022518],[2.229942146714396,41.45104751090647],[2.229940512161808,41.451043176333201],[2.229938493739766,41.451038537166198],[2.229936033653607,41.451032884257636],[2.229935021680773,41.451030563580638],[2.22993322078098,41.451027572589616],[2.229930154313801,41.45102248699628],[2.229928515498711,41.45101976912111],[2.22992715217203,41.451017507592432],[2.229924914555925,41.451014305229315],[2.22992235141542,41.451010636798337],[2.22992114691159,41.451008911828694],[2.229918257502727,41.451004773932041],[2.229915624902572,41.451001567343759],[2.229912435028488,41.450997676912912],[2.229912390590105,41.450997620411123],[2.229912103790658,41.450997253003685],[2.229909724263778,41.450994208866568],[2.229909148787001,41.450993472214854],[2.229907521445265,41.450991389010582],[2.229904799411648,41.450988644613624],[2.229904509300241,41.450988351317264],[2.229903007683159,41.450986837734703],[2.229899794619875,41.450983598414254],[2.229896802694172,41.450980963467494],[2.229890438509288,41.450975339593199],[2.229884328595523,41.450969872777705],[2.229882267284606,41.450968355026227],[2.229882234776586,41.450968331087594],[2.229875931988559,41.450963688003391],[2.229875834377462,41.450963616180196],[2.229873506848583,41.450961903553029],[2.229872810909246,41.450961416036876],[2.229872254889138,41.450961027792367],[2.229866409778304,41.450956945279358],[2.229866236932907,41.450956824574497],[2.229857714372506,41.450950874050783],[2.229854798308944,41.450948837726379],[2.229842006146534,41.450938290758124],[2.229836407662416,41.45093367630993],[2.228863889544433,41.450345254297631],[2.228621267584891,41.450573137179681],[2.227232616737759,41.449744010488615],[2.226962641278934,41.449462514655636],[2.226679043190769,41.449571940234534],[2.226556890710321,41.449621301041482],[2.226477545442284,41.449653363698111],[2.226276047194721,41.449734786805166],[2.226122427146658,41.449816982107734],[2.225973378403807,41.449927491380073],[2.225925325111166,41.449974343327405],[2.225876516767995,41.450022160224627],[2.225864076525677,41.450034936313479],[2.225801764359592,41.450099183505827],[2.225518372204827,41.450390839038747],[2.225446382162515,41.4504562764089],[2.225347509144004,41.450387460136845],[2.225347272108683,41.450387303216559],[2.225105874952704,41.450230155019483],[2.225001214271954,41.450161893887298],[2.224778453204315,41.45001798470436],[2.224296689911486,41.4497064831953],[2.224076682256592,41.449613041969592],[2.224227314165666,41.450469478176181],[2.224252361003414,41.45061397357091],[2.224300103587873,41.450907389150238],[2.2243076736736,41.450995452042406],[2.224287934554896,41.45113277265623],[2.224153966260199,41.451629692935477],[2.224146674724437,41.451648802599998],[2.224139496131421,41.451668480495435],[2.224132317533958,41.451688158390311],[2.224129365301617,41.451695776794445],[2.224126150343213,41.451703339381318],[2.224121099031873,41.451713294569714],[2.224115140903201,41.451722991431538],[2.224111094341928,41.451729008133327],[2.224106809641602,41.45173491513895],[2.224097620735245,41.45174647276162],[2.22409085891723,41.451754290649923],[2.224083609601386,41.451761826017851],[2.2240711020994,41.451772568593448],[2.2240635988132,41.451778309763554],[2.224034599832387,41.451802569347194],[2.223810035961558,41.451975077995719],[2.223983811474681,41.452120910345805],[2.22446763972888,41.452404161543114],[2.224890645246284,41.45261963405656],[2.225395380419815,41.452844960182659],[2.226103022012161,41.453209868923565],[2.226453779287807,41.453401511159264],[2.226627500934093,41.453465065052846],[2.226811315085627,41.453514580866631],[2.227184478646342,41.453570016719986],[2.227423700762004,41.45359149435874],[2.227646287658724,41.453582863928496],[2.227714974126128,41.453580200639522],[2.227780092418246,41.453570128425625]]]]}},
{"type":"Feature","properties":{"gml_id":"barris.22","barris_id":34.0,"nom":"MANRESA                       ","nom_min":"Manresa                       "},"geometry":{"type":"MultiPolygon","coordinates":[[[[2.268169911755102,41.463325811566058],[2.268484445431214,41.462843441386283],[2.268620487490411,41.462462719882552],[2.268663830038908,41.462365024779693],[2.268697206830267,41.462296772800229],[2.268728766829437,41.462233500390035],[2.26876085246814,41.462182582275318],[2.268794977631869,41.462128568746344],[2.268821724483647,41.462088639851522],[2.268848443995743,41.462047495017444],[2.268898891847719,41.461971059340932],[2.269931014084328,41.46043506614064],[2.26855178594522,41.459817493727492],[2.268543487956371,41.459811117702934],[2.268532641554091,41.45980456332488],[2.268517305602226,41.459797953349529],[2.268501313693985,41.459792176887809],[2.268477109827426,41.459784087291496],[2.268465123209567,41.459779903610304],[2.268453319732981,41.459775405833611],[2.268397672361498,41.459753505852099],[2.268383906529992,41.459747824611121],[2.268373706729526,41.459743400086779],[2.268358674184704,41.459736431724473],[2.268344066470911,41.459728952641335],[2.268333142692792,41.459722893160183],[2.268314407311542,41.459711928943769],[2.268286745113866,41.459695143137949],[2.268272841574921,41.459686803815863],[2.268258756216482,41.459678661497868],[2.268216253205442,41.45965489951071],[2.268173738050232,41.459631155445187],[2.268159890249346,41.459623185768692],[2.268136091963396,41.459608856535674],[2.268100619093647,41.459587093883975],[2.26808261109831,41.459576404484267],[2.268064168334283,41.459566045587671],[2.268053476466568,41.459560663113599],[2.268043825647688,41.459556404189648],[2.268035159458623,41.459552962204249],[2.268019643631538,41.459547449922461],[2.267995768672147,41.459539938794215],[2.267971628084541,41.459532624132528],[2.267959658700802,41.459529044005642],[2.267938565543975,41.459523316039714],[2.267922648859279,41.459519377491262],[2.26789867988274,41.459513838370512],[2.267874708375857,41.459508524414311],[2.267860679978472,41.459505967014934],[2.267844364769286,41.459504457922314],[2.267830712427876,41.459504659187722],[2.267820004818569,41.459505996132442],[2.267810685363516,41.459508467848146],[2.267803643530052,41.45951496237862],[2.267800497356028,41.459522148276925],[2.267796707112829,41.459533365399359],[2.267792204349416,41.459540866922154],[2.267779778372455,41.459549128634706],[2.267770159096541,41.459553769226993],[2.267760927397503,41.459555890208108],[2.267744242437899,41.459554252641595],[2.267732802826533,41.459552540403926],[2.267722764450749,41.459550801063365],[2.267705179078038,41.459547248179582],[2.267692042251181,41.45954420103191],[2.267672570735003,41.459539077840077],[2.267653524560908,41.459533398894756],[2.267606981878104,41.459518573330087],[2.267560462452734,41.459503810946686],[2.26753386241113,41.459495868013903],[2.26749379763343,41.459484227279852],[2.267474003387449,41.459477994083734],[2.267464222442841,41.459474662046624],[2.267454551284011,41.459471150559885],[2.267437943963265,41.459464748514428],[2.267409230630126,41.45945308102236],[2.267324160133856,41.459416680162114],[2.267251453037275,41.45938608678739],[2.267215166532723,41.459370686924693],[2.267178989526501,41.459355134622378],[2.267165146269235,41.459348903287811],[2.267153248806453,41.459343197782246],[2.267132807401591,41.459332771946436],[2.267102746031398,41.459316420926136],[2.267072927381301,41.45929978320806],[2.26704867692245,41.459286297562841],[2.267030591767677,41.459276102913613],[2.267003839112276,41.459260466540499],[2.266990686773892,41.459252429098164],[2.266977752284565,41.459244185872898],[2.266959532518102,41.459232125816143],[2.266928164400723,41.459210614166047],[2.266881595440877,41.45917797144498],[2.266858178008541,41.459161761822003],[2.266834470499064,41.459145793544273],[2.266777441891498,41.459108436222188],[2.266720086631887,41.459071383039884],[2.266704689987812,41.459061691893119],[2.266677301123996,41.45904515064089],[2.266635885403809,41.459020620362956],[2.26661540737447,41.459008149514048],[2.266595304470453,41.458995329765521],[2.266586831748817,41.458989610025327],[2.266571427143898,41.458978504643369],[2.266558357328063,41.458968468028303],[2.266536062167486,41.458950436992588],[2.266502830801914,41.458923229646039],[2.266485750063976,41.458909987801853],[2.266476974197005,41.458903545524336],[2.266468017013371,41.458897255215192],[2.266418585206706,41.45886369328867],[2.26639368795345,41.45884706878978],[2.266368621570531,41.458830578317219],[2.26633018164895,41.458805508462355],[2.26629140296422,41.458780751691819],[2.266241721893019,41.458750196578187],[2.266191883597545,41.458719784557829],[2.266134914448802,41.458684652126976],[2.26610667787939,41.458666862298749],[2.266078792294983,41.458648741429926],[2.266071056892419,41.458643476730991],[2.266057007389942,41.458633262660626],[2.266045126256118,41.458624008216091],[2.266024934979389,41.458607368651862],[2.265995095292377,41.458582038346627],[2.265979921743714,41.45856957423787],[2.265964277402682,41.458557449402527],[2.265911605388342,41.458518218901489],[2.265884979620675,41.458498817969229],[2.265857943137628,41.458479738674612],[2.265803607508104,41.458442578212754],[2.265748945425273,41.458405703876942],[2.265715940297907,41.458383965254143],[2.265666039571064,41.458351706080421],[2.265641355167338,41.458335352998972],[2.265617106063198,41.458318624381576],[2.265605336234855,41.458310127226135],[2.265585140565979,41.458294955766249],[2.265525495619668,41.458248726790877],[2.265510373763474,41.458237001558601],[2.265458257766836,41.458195234304263],[2.265444853964591,41.458185114358898],[2.265434544205013,41.45817774343886],[2.265426654691377,41.458172351606834],[2.265414481883673,41.458164554435442],[2.265401873791737,41.458157132792572],[2.265369769275187,41.458139426146765],[2.265321199818047,41.458113363435388],[2.265272533500202,41.458087399165805],[2.265224654769035,41.458061674103845],[2.265176763798339,41.458035975965785],[2.265166584909319,41.458030803671249],[2.265148144821264,41.458022407938749],[2.265134157053872,41.458016292529543],[2.265123757169436,41.458011605219383],[2.265116099487094,41.458007953282284],[2.265104970125829,41.458002126369685],[2.26509439812106,41.457995717536953],[2.265052509362079,41.457967598698431],[2.26501092249891,41.457939256589327],[2.264955908226692,41.457901839172735],[2.264900978538976,41.457864359218391],[2.264886460934454,41.457854277120077],[2.264872064078179,41.457844105717953],[2.26485082668425,41.457826846747118],[2.264829142651799,41.457809909182771],[2.264798036259771,41.457786552093225],[2.264782253404669,41.457775065735817],[2.264766289439647,41.457763713329086],[2.264741161426558,41.457746393418418],[2.264703040181213,41.457720784604227],[2.264665064265921,41.457695032588163],[2.264638133892427,41.457676160851996],[2.26459826385147,41.45764744225653],[2.264558840699593,41.457618384224304],[2.264552335660653,41.45761339751774],[2.26454061576755,41.457603684567808],[2.264530753102782,41.457594911267172],[2.26449719939023,41.457563521819189],[2.264488593704939,41.457555828443439],[2.264481976387421,41.457550183471739],[2.264471688182274,41.45754198391819],[2.264460856836884,41.457534168207211],[2.264449139324247,41.457526364838543],[2.264428204330899,41.457513089008415],[2.264396372503946,41.457493555323815],[2.264380547206419,41.457483716998723],[2.264364963808583,41.457473664041387],[2.264312398666073,41.45743891017316],[2.264286255175106,41.457421412519885],[2.264260317268285,41.457403736028006],[2.26423402855534,41.457385318674923],[2.264195205320783,41.457357237159115],[2.264156720406222,41.457328887573119],[2.264143175764294,41.457318550393346],[2.264131606533741,41.457309288737193],[2.26409184480329,41.457276328155885],[2.264081747435692,41.45726820184823],[2.264066232916983,41.457256302767171],[2.264058252232987,41.457250522936363],[2.264050090332971,41.457244886063492],[2.264032536431099,41.457233334215822],[2.26400125753182,41.457213632819773],[2.263953704193191,41.457184648614763],[2.263930018250617,41.457170076018969],[2.263906622511414,41.457155253068777],[2.263851803137901,41.457119772961619],[2.263797201469363,41.457084105066386],[2.263758746884598,41.457058394717066],[2.263720691396609,41.45703233562157],[2.263694773216821,41.457014001583858],[2.263675654639052,41.457000007649668],[2.263619096068181,41.45695741842988],[2.263604451820509,41.456945867143986],[2.263592069588514,41.456935456279282],[2.263549987287789,41.456898112032803],[2.26353933999029,41.456888865231022],[2.263522910376601,41.456875320858572],[2.263514423847987,41.456868754101158],[2.26350569603763,41.456862347930709],[2.26349641770309,41.456855920216768],[2.263487516061795,41.456850062384355],[2.263470394536077,41.456839468008312],[2.263455062283979,41.456830524449543],[2.263427719971343,41.456815315810502],[2.263386537434404,41.456792632363786],[2.263366363456797,41.456780919500964],[2.263356482143144,41.456774875230401],[2.263346770178621,41.456768678918074],[2.263320218733297,41.456751304530883],[2.263307257255819,41.456742358133695],[2.263294766886635,41.4567330454501],[2.263269005127801,41.456712550533425],[2.263230802724832,41.456681527235403],[2.263192515837968,41.456650566434817],[2.263146610797718,41.456613548819945],[2.263123302103322,41.456595303441112],[2.263111382481976,41.456586345686574],[2.263099245423181,41.456577557677832],[2.263091059747636,41.456571920583329],[2.263075250113637,41.456561793938413],[2.263060978213829,41.456553325511912],[2.263048260304709,41.456546137096446],[2.263025625778959,41.456533912986345],[2.26299145631052,41.45651576907666],[2.262974571270009,41.456506509242487],[2.262958000984638,41.456496945171573],[2.262909693878825,41.456468000731704],[2.262885734195723,41.456453327080212],[2.262862040976465,41.45643838490971],[2.262848099631546,41.45642927904877],[2.262824218518215,41.456412957527753],[2.262806676291504,41.456400414747186],[2.262780888454974,41.456381189600137],[2.262755632110702,41.456361553514654],[2.262740089386277,41.456349014542759],[2.262713522695713,41.45632667681911],[2.262674300102553,41.456292746394119],[2.262654556258523,41.456275856889285],[2.262634474750672,41.456259181393015],[2.262615655805559,41.456244144339507],[2.262601282054439,41.456233054038158],[2.262579292592444,41.456216753609951],[2.262556711395008,41.45620089975229],[2.262549696670959,41.456196540180393],[2.262531349221581,41.456187442037738],[2.262513459607064,41.456179148491699],[2.262504938425987,41.456174599101487],[2.262497022088383,41.456169504138444],[2.262450434114197,41.456135760564372],[2.262404063629735,41.456101847225639],[2.262347923592039,41.456060503081659],[2.262291747403205,41.456019185700036],[2.262267687285278,41.456001782020245],[2.262231174376263,41.455976002548667],[2.26219441980456,41.455950419677478],[2.262183630659727,41.455943153472809],[2.262164241899664,41.45593086896114],[2.26213482637041,41.455912719283901],[2.262120384554882,41.45590342096402],[2.26210640208084,41.45589373827179],[2.262094065644708,41.455884606592527],[2.262072975060235,41.455868248785116],[2.262041840290328,41.455843341475685],[2.262026164193882,41.455830972690308],[2.262010222364919,41.455818809367408],[2.26196865047431,41.455788331473919],[2.261947846483274,41.455773101413001],[2.261927235692129,41.45575772846999],[2.261903258947639,41.455739325422698],[2.261879584076291,41.455720699123212],[2.261864888955133,41.455709462545173],[2.261842507638252,41.455692907248675],[2.261819812603457,41.455676566111165],[2.261792644770062,41.455657665149886],[2.261771897158348,41.455643804548934],[2.261740364104171,41.455623416330774],[2.261708480299587,41.455603341110887],[2.26169523554569,41.455596185188973],[2.261687206800104,41.455592566666688],[2.261658355132362,41.455580671648654],[2.261646279375503,41.455574955413475],[2.261638998735904,41.455570828270162],[2.261632226550437,41.455566208984031],[2.261618649425454,41.455555637099565],[2.261607071048708,41.455546185969787],[2.26159402244461,41.455535068170839],[2.261273675941091,41.456335337684301],[2.261229726371202,41.456453061585705],[2.261239545414016,41.456546793017225],[2.260995266624288,41.457328869307517],[2.260979032119367,41.457377224909514],[2.260823706599014,41.45784353166087],[2.26067640552162,41.45831997811554],[2.260664447014822,41.458350256234354],[2.26049780366398,41.458863778688595],[2.260267639098162,41.459624506302369],[2.260160830282198,41.459977360428283],[2.260059632987133,41.460074745819355],[2.259967449860507,41.460360651608404],[2.260071331868933,41.460393594065422],[2.260149093932537,41.460418549840433],[2.260265492609872,41.460456427698432],[2.260381573467879,41.460494888875623],[2.260475748427804,41.460526480435028],[2.260640319332863,41.460582205327889],[2.26076354364456,41.460624306035264],[2.260948154103872,41.460687878743201],[2.261132508686021,41.460751872857223],[2.261738632949048,41.4609627135317],[2.261890030865139,41.461015604743558],[2.2621168842494,41.461095335948976],[2.262230159036867,41.461135416586032],[2.262343336137727,41.461175676632429],[2.262367366594806,41.461184252806426],[2.262391397058333,41.461192828975413],[2.262415427528311,41.461201405139377],[2.262439446133689,41.461209972214739],[2.262473707740638,41.461222307067963],[2.26250799330721,41.461234642064653],[2.262542278887013,41.461246977051125],[2.262576588426456,41.46125931218107],[2.263127442794723,41.461455964458061],[2.263395742595972,41.461552532510758],[2.263664067154429,41.461649100092295],[2.263932237380435,41.46174562101838],[2.26420032378787,41.461842212838107],[2.264248760906339,41.46186006938774],[2.264297014478331,41.461878276031527],[2.264345482273206,41.461896601122625],[2.264393961967305,41.461914935276774],[2.264484891655548,41.461949024842312],[2.264575809467378,41.461983114259496],[2.264666727376128,41.462017203604965],[2.264757657355153,41.462051292955287],[2.264960637135888,41.462127154732229],[2.265028135421173,41.462152627030846],[2.265117816991403,41.462187023371058],[2.265168817268347,41.46220698564202],[2.265265970761776,41.462245636105187],[2.265362868657948,41.462284663163764],[2.265556481033158,41.462363085166508],[2.265640598286438,41.462397202338494],[2.265724824813925,41.462431194042715],[2.265809054379576,41.462464924488891],[2.265893260087109,41.462498654720548],[2.265968380745084,41.462528904046813],[2.266746526315522,41.462857525852939],[2.268086290207408,41.463454052548194],[2.268169911755102,41.463325811566058]]]]}},
{"type":"Feature","properties":{"gml_id":"barris.23","barris_id":33.0,"nom":"CANYADO                       ","nom_min":"Canyadó                       "},"geometry":{"type":"MultiPolygon","coordinates":[[[[2.253290977529588,41.458628707161957],[2.253797991145699,41.458743507861314],[2.254248436365357,41.458846051653488],[2.254838860461484,41.458981567129783],[2.254940562672556,41.459004744583495],[2.255042241011543,41.459027921792426],[2.255143928611735,41.459051342171875],[2.255245602766321,41.459074897485579],[2.255410373896588,41.459112435411335],[2.255575147075305,41.459149810979888],[2.255684812080768,41.459175102014399],[2.255742429910025,41.459188670763247],[2.255799914001441,41.459202418766409],[2.255914805268963,41.459230364560327],[2.255991293093811,41.459249225528424],[2.256093235131992,41.459274538272879],[2.256188573885569,41.459298267951681],[2.256283912915542,41.459321979538139],[2.256379264400637,41.459345655096115],[2.256564446623804,41.459392051530919],[2.256882906369331,41.459472204002488],[2.25699579792217,41.45950128874415],[2.257060142517935,41.459518269065718],[2.257154316853397,41.459543368556844],[2.257248503132359,41.459568477055193],[2.25734268948483,41.459593585476618],[2.257436851965009,41.459618693666513],[2.257479514467463,41.459630237395629],[2.25750083709339,41.459635716457036],[2.257521955977944,41.45964121221408],[2.257720817080703,41.459696774575178],[2.257919785769113,41.459752382322492],[2.257996127329153,41.45977367301569],[2.258072444788315,41.459794981517433],[2.258148713995283,41.45981632568683],[2.258225019068906,41.459837679044213],[2.258417797713887,41.45989017447075],[2.258448818880743,41.459898841467364],[2.258464288280825,41.459903111644991],[2.258479661693933,41.45990739921654],[2.258558954639451,41.459930311885529],[2.25862817038666,41.459950709522424],[2.258749015511158,41.459987031734379],[2.259110801135788,41.460097767239382],[2.259430114535639,41.460195014234905],[2.259749160058447,41.460292736009905],[2.259828615073395,41.460317270180504],[2.259967449860507,41.460360651608404],[2.260059632987133,41.460074745819355],[2.260160830282198,41.459977360428283],[2.260267639098162,41.459624506302369],[2.26049780366398,41.458863778688595],[2.260664447014822,41.458350256234354],[2.26067640552162,41.45831997811554],[2.260823706599014,41.45784353166087],[2.260979032119367,41.457377224909514],[2.260995266624288,41.457328869307517],[2.261239545414016,41.456546793017225],[2.261132637538902,41.456471884500473],[2.261025731958868,41.456396795748759],[2.260826647374077,41.456267790057311],[2.260672064349785,41.456173839002496],[2.260611350884626,41.456143093361632],[2.260550398032756,41.45611234614821],[2.260479295462337,41.456079191659555],[2.260408185796621,41.456046667601399],[2.260240879612315,41.455994554689788],[2.260038071313039,41.455954210864363],[2.259810207633812,41.455924010558419],[2.259355409716694,41.455918713733482],[2.259111256759938,41.455920591047317],[2.258832068236624,41.455928970624839],[2.258438017130494,41.455930393852654],[2.257689220283306,41.455940785973517],[2.256901734746223,41.455957759901715],[2.256510985907858,41.456362649966671],[2.256449191397875,41.456432904815493],[2.256436444553875,41.456446117383024],[2.255848819546203,41.457051399671542],[2.255608359161247,41.457286829230668],[2.255552706466945,41.457337090805709],[2.255459558004047,41.457409934470256],[2.255241477515501,41.457550876016583],[2.254526343903068,41.457973816925453],[2.253290977529588,41.458628707161957]]]]}},
{"type":"Feature","properties":{"gml_id":"barris.25","barris_id":11.0,"nom":"LA PAU                        ","nom_min":"La Pau                        "},"geometry":{"type":"MultiPolygon","coordinates":[[[[2.224153966260199,41.451629692935477],[2.224287934554896,41.45113277265623],[2.2243076736736,41.450995452042406],[2.224300103587873,41.450907389150238],[2.224252361003414,41.45061397357091],[2.224227314165666,41.450469478176181],[2.224076682256592,41.449613041969592],[2.223868311273635,41.449468486182688],[2.223657332934136,41.449321136960691],[2.222989253009,41.448853089334627],[2.222546998221302,41.44853908968259],[2.222454177616768,41.448455698005979],[2.221764700517499,41.447771725799903],[2.221564948907488,41.447909336717231],[2.2216113439754,41.447944641224353],[2.221734140508943,41.448054415621286],[2.220971243685701,41.448698461333798],[2.220889979739932,41.448796765256098],[2.22046648229368,41.449309058726719],[2.222327300928165,41.450873115136936],[2.221305438575024,41.451562398056765],[2.221284996994059,41.451561674494606],[2.220420638595344,41.452138193730676],[2.220450183631009,41.452139279982632],[2.220438214372062,41.452147353303907],[2.220621528418108,41.45226616359249],[2.220683187705466,41.452306034061692],[2.220896317322016,41.452444301256179],[2.220928638167806,41.452464696894332],[2.220971284718769,41.452492638651307],[2.221194032703765,41.452637635952229],[2.221289781468622,41.452700255559009],[2.221319481763061,41.452719552448407],[2.221331385385092,41.452725307736529],[2.221343289009222,41.452731063023421],[2.221350813734886,41.45273456382219],[2.221361726736284,41.452739060364529],[2.221371288457643,41.452742421826038],[2.22140256280668,41.452750244848644],[2.221415424034446,41.452753016136697],[2.221430004091482,41.452755222582105],[2.221442008643769,41.452756546875484],[2.221454075533151,41.452757664418215],[2.221471835595195,41.452759261863221],[2.221480725707779,41.452759718369727],[2.221489610530877,41.452759616377726],[2.221534360660959,41.452756874765988],[2.221579112296199,41.452754007042671],[2.221623859940833,41.452751472550673],[2.221668607582265,41.452748938041267],[2.221688852413131,41.45274799415197],[2.222318614870424,41.452707216969458],[2.222356471829647,41.452705221082986],[2.222547888387476,41.452695183814626],[2.222562816514515,41.452693312093579],[2.22257477357389,41.452692600263568],[2.222592699830234,41.452689307612438],[2.222631636393759,41.452680121978879],[2.222640862274434,41.452677527139009],[2.222656345659378,41.452673272184043],[2.22267881097154,41.452666848582886],[2.222710562442584,41.452657794509435],[2.222742291468266,41.452648614171203],[2.222759883736559,41.452643211493168],[2.222785895984686,41.452634523948426],[2.222811638045334,41.452625402214331],[2.222831731752644,41.452618061811826],[2.222861583306364,41.452606688950489],[2.222891176425077,41.452594899992441],[2.222926201710596,41.452580382441894],[2.22294352058264,41.452572807092601],[2.222960579842409,41.452564914725869],[2.222981124249534,41.452554920143939],[2.223001549042907,41.452544915742763],[2.223016070146606,41.452538024062306],[2.223030616373399,41.452531033467721],[2.223038796544584,41.452526774160347],[2.223050574445671,41.452520008062749],[2.223062090692199,41.452513096077169],[2.223075343738517,41.452505114928741],[2.223088313767769,41.452496771568875],[2.223103517523079,41.452485849150229],[2.223118553242236,41.452474961624276],[2.223127039214458,41.452469155094477],[2.223135549773394,41.452463294685366],[2.223143904163722,41.452457478258069],[2.223152163963627,41.452451562109239],[2.223160510681142,41.452445385330783],[2.223168796894415,41.452439262187774],[2.223200774653685,41.452417256791222],[2.223810035961558,41.451975077995719],[2.224034599832387,41.451802569347194],[2.2240635988132,41.451778309763554],[2.2240711020994,41.451772568593448],[2.224083609601386,41.451761826017851],[2.22409085891723,41.451754290649923],[2.224097620735245,41.45174647276162],[2.224106809641602,41.45173491513895],[2.224111094341928,41.451729008133327],[2.224115140903201,41.451722991431538],[2.224121099031873,41.451713294569714],[2.224126150343213,41.451703339381318],[2.224129365301617,41.451695776794445],[2.224132317533958,41.451688158390311],[2.224139496131421,41.451668480495435],[2.224146674724437,41.451648802599998],[2.224153966260199,41.451629692935477]]]]}},
{"type":"Feature","properties":{"gml_id":"barris.26","barris_id":18.0,"nom":"SISTRELLS                     ","nom_min":"Sistrells                     "},"geometry":{"type":"MultiPolygon","coordinates":[[[[2.229884027536289,41.448631954170573],[2.229899975316256,41.448631835772531],[2.229916335998556,41.448632233562037],[2.229932639630919,41.448633405608454],[2.229943484468996,41.448634550109809],[2.229957911702977,41.448636466215184],[2.229977113405021,41.448639585255044],[2.230002663861723,41.448644413177213],[2.230022357151483,41.448648481283669],[2.230041723181903,41.448652889479135],[2.230054459055897,41.44865610033014],[2.230071235238891,41.448660842473075],[2.230080717399245,41.44866383337488],[2.230091460260834,41.448667526289661],[2.230110541665419,41.44867474289439],[2.230129187009713,41.448682388934813],[2.230141443173478,41.448687695302183],[2.230157698304032,41.448694992062066],[2.230174415931327,41.448702661221134],[2.230190940111393,41.44871049121712],[2.230201782343148,41.448715905210754],[2.230215951154343,41.448723476236275],[2.230223870340861,41.448728041976992],[2.230233534109718,41.448733898452645],[2.23024300474882,41.448739888746708],[2.230261462830605,41.448752235404143],[2.230273429913717,41.448760728461934],[2.230289011666191,41.448772326260205],[2.230309235278486,41.448788242671036],[2.230344139596453,41.448817038904998],[2.230378465296309,41.448846173539415],[2.230388962913196,41.448855422385208],[2.23039921930504,41.448864822742543],[2.230419623401146,41.448883703794252],[2.230433663565134,41.448896083913056],[2.230443485316488,41.448903769941431],[2.230453996439585,41.448910866089655],[2.230461317974686,41.448915355755105],[2.230471390186697,41.448921097846537],[2.230485237884402,41.448928495548223],[2.230497866113673,41.448934741142097],[2.230510776598671,41.448940403138444],[2.230519606854747,41.448943858029764],[2.230531720259719,41.448948082505339],[2.23055246858012,41.448954058152403],[2.230566173966021,41.448957293447698],[2.23057538188529,41.448959183564121],[2.230587770967776,41.448961356178252],[2.23060453968548,41.448963702209831],[2.230621888757122,41.448965565718801],[2.230639256296924,41.448966879893902],[2.23065083930746,41.448967362714754],[2.230666269972876,41.448967447922527],[2.230679754497956,41.448967087752116],[2.230693242750011,41.448966412344149],[2.230702229741493,41.44896572484032],[2.230714192856193,41.448964435728598],[2.230733234010932,41.448961905893349],[2.230752087889547,41.448959014504084],[2.230804761325926,41.448950116148879],[2.230920316239511,41.448928595490806],[2.231045699474542,41.448907113407778],[2.231066682490864,41.448903362479392],[2.231084968761972,41.448899872748591],[2.231116819139451,41.448893339103613],[2.23114059705327,41.448888111609307],[2.23117609576707,41.448879809854311],[2.231211456568233,41.448871020763875],[2.2312312835528,41.448865811877489],[2.231248507432192,41.448861044967941],[2.231278420625085,41.448852291502853],[2.231300685395365,41.448845432519562],[2.231333877733849,41.448834746339557],[2.231366930773619,41.448823689913347],[2.231395274102305,41.448814052202806],[2.231416407787915,41.448806663205595],[2.231432122512042,41.448800940400247],[2.231455382525391,41.448791917241174],[2.231466835892554,41.448787156774451],[2.231478160025559,41.448782188271537],[2.231510865952248,41.448767067122006],[2.231543288180453,41.44875163781407],[2.231618995583132,41.448715321170084],[2.2316566840013,41.448696963561133],[2.231694160114078,41.448678334297853],[2.231705506710346,41.448672474184505],[2.231724907663115,41.448661767819075],[2.231739180435739,41.448653450199487],[2.231760270097797,41.448640656371595],[2.231781194499661,41.448627663271921],[2.231803241961206,41.44861384898401],[2.231819599530952,41.448603356468077],[2.231831701628737,41.448595357614067],[2.231849493009668,41.448583073179506],[2.231866751226749,41.448570316793528],[2.231885734276327,41.448555455172666],[2.231913668097101,41.448532825848133],[2.231941210051835,41.448509923676106],[2.231970158671222,41.448485499623722],[2.231998655993624,41.44846076629684],[2.232011883888173,41.448448667541754],[2.232021510469145,41.448439427122871],[2.232035563995963,41.448425334223082],[2.232049284886239,41.448411022921483],[2.232069027565589,41.448389608914553],[2.232083417715646,41.448373365474573],[2.232104407790495,41.448348708098798],[2.232124779409005,41.448323704306567],[2.232141273392569,41.448302655916933],[2.232153253239418,41.448286747666231],[2.232162014917999,41.448274709149523],[2.232177737463585,41.448256132654528],[2.232190002185082,41.448239415630752],[2.232333379763897,41.448049261553898],[2.232493716224584,41.447839151857288],[2.233113245907367,41.447044908679381],[2.234134366494916,41.446475913296119],[2.234182546324399,41.446449065749917],[2.234166447080353,41.446432601001248],[2.234148585665382,41.446414305009021],[2.234117394421455,41.44638225593075],[2.234070661850643,41.446334151132525],[2.234047253482577,41.446310116460729],[2.234023796826065,41.446286117492264],[2.234000007666553,41.446261891117771],[2.233979151448313,41.446240719787212],[2.233942595894979,41.446203698842794],[2.233887702419547,41.446148198529229],[2.233860255769751,41.446120443859201],[2.233832857236723,41.446092671488088],[2.233812320932326,41.446071790496376],[2.233794387892651,41.446053493970439],[2.233778738625971,41.446037464521879],[2.233765065081765,41.446023429875467],[2.233741172622683,41.445998842459367],[2.233723289413259,41.445980384119764],[2.233696536864233,41.445952661056687],[2.233669832643406,41.445924902279401],[2.233649962644676,41.445904376988636],[2.233620646633522,41.445874763274091],[2.233576600208222,41.445830396250095],[2.233554607208911,41.445808190414304],[2.233532650347575,41.445785966800095],[2.233464983392403,41.44571732933985],[2.233431161938293,41.445683010674529],[2.233397364672383,41.445648674145311],[2.233312429304212,41.445562275870827],[2.233227494160184,41.445475877533383],[2.2331728302906,41.445420297332866],[2.233119739553536,41.445366339930985],[2.233068040089379,41.445313475147877],[2.231999943566782,41.4442212791418],[2.231939006081736,41.444158846801884],[2.231878020726648,41.44409642311652],[2.231837343618955,41.444054834195228],[2.231783051483271,41.443999399918091],[2.231674146213236,41.443888367005918],[2.231565241206161,41.44377734299696],[2.2314478800932,41.443657624214737],[2.231330519409349,41.443537905312276],[2.231277232271452,41.443483603439837],[2.231223921069427,41.443429319396095],[2.231117262813806,41.443320769020445],[2.23104620981189,41.443248378724562],[2.230959355956083,41.443159750435235],[2.23087252638422,41.443071113233778],[2.23081460408383,41.443012033498555],[2.230698368525379,41.442893556063638],[2.230582121316307,41.442775087438029],[2.230488229617696,41.442679403926057],[2.230394338196737,41.442583720337524],[2.23035576629735,41.442544460077897],[2.230317158322644,41.442505217578443],[2.230255719867015,41.442442916388558],[2.227106889535697,41.444226553479879],[2.226918608921689,41.44452288848872],[2.226848841741161,41.444792913269609],[2.226754753725674,41.445125016379059],[2.226731028138834,41.445197457004603],[2.226673990500826,41.44537334952205],[2.226574596898104,41.445678304318918],[2.226522684736036,41.445798633516347],[2.226498370736135,41.445867907193907],[2.22648916755267,41.445889307703929],[2.226468529143535,41.445931672877336],[2.226438193262151,41.445989964417841],[2.226358957964463,41.446119927359696],[2.226358927322357,41.446119975633501],[2.226358826559919,41.446120141080264],[2.226264977160056,41.446238369120884],[2.226217843179117,41.446288821119857],[2.226173056462185,41.446337538233841],[2.226033139842563,41.446461768837949],[2.225883739565785,41.44660081603741],[2.225755717561267,41.446705835447837],[2.225563890523007,41.446845522426543],[2.2253836697058,41.446954041194161],[2.225262263557281,41.447018686651816],[2.225180629850128,41.447058844934759],[2.225192619786123,41.447158025498155],[2.225101542203156,41.44723631721687],[2.224233835720907,41.447964845875404],[2.22398137392024,41.448135585882298],[2.223838461780029,41.448181480352794],[2.224455414513546,41.448358340106537],[2.224364846312632,41.448494286875537],[2.224165192019566,41.449209303361407],[2.224076682256595,41.44961304196957],[2.224296689911482,41.449706483195264],[2.22477845320431,41.450017984704331],[2.225001214271961,41.450161893887262],[2.225105874952693,41.450230155019483],[2.225347510927844,41.450387458685853],[2.225446382162501,41.450456276408879],[2.225516843437515,41.450392169557787],[2.225795787449326,41.450105068860779],[2.225876516768,41.450022160224627],[2.225925325111147,41.449974343327384],[2.225973378403805,41.449927491380073],[2.226122427146658,41.449816982107727],[2.2262760471947,41.449734786805159],[2.226477545442284,41.44965336369809],[2.226679043190758,41.449571940234534],[2.226962641278933,41.449462514655622],[2.227138019351469,41.449394849353659],[2.227644601214545,41.449189846987032],[2.227695702170284,41.44916521247638],[2.227724533035363,41.44915187687905],[2.227768221912806,41.449132407881159],[2.227790019206476,41.44912261000723],[2.22780448827677,41.449115960572691],[2.227814609559194,41.449111497778809],[2.227827153983491,41.449105619067666],[2.227835338757923,41.449101917911321],[2.227843285075636,41.449098134086292],[2.227858044001247,41.449090261577055],[2.227870777920568,41.449083546439972],[2.227883349054376,41.449076424873077],[2.227923630191019,41.449053564149338],[2.227972704760972,41.449030185963167],[2.228024974025279,41.449007964139462],[2.228057146119189,41.448993515946668],[2.228072481531326,41.448988511650349],[2.228087674034822,41.448982434505517],[2.228122225642023,41.448970245121892],[2.228147919672435,41.448961959563256],[2.228181669210098,41.448949764778838],[2.228207363225057,41.44894147920683],[2.228226638195158,41.448935393410238],[2.228242691405034,41.448930429937889],[2.228265233344142,41.448924456132197],[2.22828054404867,41.448921532364722],[2.228295738675161,41.44891830156282],[2.228361607005654,41.448903205658304],[2.228427417160754,41.448887965206488],[2.228487613075095,41.448873686882649],[2.22854785535192,41.448859534942692],[2.228598702876063,41.448848148298808],[2.228675194849246,41.448831637240687],[2.228751628851846,41.448814963608761],[2.228821767773533,41.44879912143832],[2.228891802339833,41.44878299028683],[2.228928588661319,41.448774148403203],[2.228983582194902,41.448760411417673],[2.229011113691705,41.448753642229896],[2.22903875003898,41.448747116939714],[2.229087292378672,41.448736273089338],[2.229135950782843,41.448725736249948],[2.229178697228354,41.448717042324617],[2.229200047198792,41.448712636651692],[2.229221234269329,41.448707833554984],[2.229248836478107,41.448701154858803],[2.229278442866498,41.448696083906711],[2.229333620504932,41.448685996007477],[2.229362980956937,41.448681472840455],[2.229388752744869,41.448677718276301],[2.229402223406437,41.448676502454539],[2.229416092837612,41.448674974042085],[2.229435220548421,41.448673219642842],[2.22945445716881,41.448671366888092],[2.229473693788156,41.448669514130096],[2.229507255257912,41.448666090959328],[2.229540816724293,41.44866266777872],[2.229574512425627,41.448659029308594],[2.229608185461374,41.448655282587318],[2.229690186216104,41.448646671264868],[2.229772279091629,41.448638366754459],[2.229795757303534,41.448636209073328],[2.229819326163232,41.448634484352368],[2.229835067850579,41.44863357192704],[2.229856053284045,41.448632649576808],[2.229884027536289,41.448631954170573]]]]}},
{"type":"Feature","properties":{"gml_id":"barris.27","barris_id":17.0,"nom":"LA SALUT                      ","nom_min":"La Salut                      "},"geometry":{"type":"MultiPolygon","coordinates":[[[[2.224234107275075,41.447964617881389],[2.225101542203156,41.44723631721687],[2.225192619786123,41.447158025498155],[2.225180629850128,41.447058844934759],[2.225266607881923,41.447016373422073],[2.225291350469681,41.447003198688989],[2.225388826494727,41.446950775259502],[2.225506699307263,41.446879959807205],[2.225563891337945,41.446845523058222],[2.225755158298305,41.446705831682792],[2.225883739565785,41.44660081603741],[2.226033139842563,41.446461768837949],[2.226173056462185,41.446337538233841],[2.226217843179117,41.446288821119857],[2.226264977160056,41.446238369120884],[2.226358826776595,41.446120140920122],[2.226358927263581,41.446119975613385],[2.226358957602308,41.44611992723577],[2.22643877752956,41.445987864190108],[2.226467959883313,41.445932510711572],[2.226486880510717,41.445893500637069],[2.226495303008972,41.445875040697395],[2.226498370736135,41.445867907193907],[2.226506475408673,41.445844815968606],[2.226520956954818,41.445802830211555],[2.226522332902791,41.44579963593511],[2.226522684736036,41.445798633516347],[2.226574596898104,41.445678304318918],[2.226673990500826,41.44537334952205],[2.226731028138834,41.445197457004603],[2.226754753725674,41.445125016379059],[2.226848841741161,41.444792913269609],[2.226918609037635,41.444522888318069],[2.227106894897975,41.444226553352294],[2.230255719867015,41.442442916388558],[2.230239882239179,41.442426768166968],[2.230188393096606,41.442374450704044],[2.23015900003385,41.442344538468461],[2.230134351094696,41.44231936886473],[2.230109774312268,41.44229417271638],[2.230060681292418,41.44224372676436],[2.230027932563554,41.442210107993439],[2.23000918633257,41.442190913772222],[2.22998771896814,41.442169008109609],[2.229888646355575,41.442068218229807],[2.229789574051618,41.441967428264775],[2.229681584802639,41.441857471982168],[2.229573595920629,41.44174751559828],[2.229451909884104,41.441623685982329],[2.229330236389431,41.441499847311313],[2.229278525886731,41.441447140629187],[2.229226839620576,41.441394416070871],[2.229314547273822,41.441343850704769],[2.229494257632103,41.441239848156464],[2.23043450482447,41.440568535623555],[2.229807774432771,41.440236079891037],[2.229442922870139,41.440031116046178],[2.229196892779729,41.439899602121912],[2.229191115258102,41.439896502934516],[2.229190499498003,41.439896172397425],[2.229170397859977,41.439885954997912],[2.228715576604945,41.439654843378356],[2.226274184172695,41.438358731994967],[2.22555681753958,41.439129262834619],[2.225286222158376,41.439427000315384],[2.224953999664731,41.439805343639279],[2.224948306572321,41.43981097995038],[2.224942972553962,41.439816618681078],[2.224919367829179,41.439842716244968],[2.224896048736215,41.439868950840371],[2.224850029135681,41.439921739445957],[2.224823201163858,41.439953129645666],[2.224796825742083,41.439984712045359],[2.224779503897623,41.440005897846028],[2.224756756966358,41.440034334081162],[2.224738072067194,41.440058402070726],[2.224719887607608,41.44008266258669],[2.224708046467624,41.440098958261309],[2.224692607759137,41.440120823292901],[2.224672662141866,41.440150233183047],[2.224665831665704,41.440160905970188],[2.224659360264261,41.440171581177701],[2.224634121393833,41.440210233022867],[2.224603248920491,41.440259565715102],[2.22457920690706,41.440298225617219],[2.22457522942423,41.440305539850542],[2.224571251940485,41.440312854083707],[2.224567082732993,41.440320185038836],[2.224562818199777,41.440327479321382],[2.224538007532229,41.44037036752151],[2.224480935839651,41.440470604626327],[2.223945142929946,41.441370254849915],[2.223891345941487,41.441463749168776],[2.223806093485934,41.441648303385861],[2.22378467237033,41.441718038397063],[2.223618067168657,41.441912010817774],[2.223431484148743,41.442134294568334],[2.223161135857991,41.442708393492943],[2.222822859236552,41.443410102712491],[2.222522589023944,41.444004536657324],[2.222364750171452,41.444247682845052],[2.222248867699839,41.444332826136979],[2.221888089139733,41.444999964885874],[2.221445853405327,41.445851501000043],[2.221373405351465,41.445993418515762],[2.220938385699979,41.446832039678014],[2.220925006872975,41.446859601955381],[2.220896810462125,41.44702289636858],[2.22083906085164,41.447103824495251],[2.220773662817193,41.447166631804009],[2.22152127551326,41.447874732935873],[2.221564948907494,41.447909336717231],[2.221764700517483,41.447771725799882],[2.222454682010545,41.44845637329388],[2.222544947227045,41.448537715429147],[2.222989253008985,41.448853089334605],[2.223838472925024,41.449447827222748],[2.224076682256595,41.44961304196957],[2.224165192019566,41.449209303361407],[2.224364846314814,41.448494286692394],[2.224455414491547,41.448358341952385],[2.223838461780029,41.448181480352794],[2.223981372500327,41.448135583379909],[2.223981407129516,41.448135563422952],[2.224206040632251,41.447983643775309],[2.224234107275075,41.447964617881389]]]]}},
{"type":"Feature","properties":{"gml_id":"barris.28","barris_id":16.0,"nom":"SANT JOAN DE LLEFIÀ           ","nom_min":"Sant Joan de Llefià           "},"geometry":{"type":"MultiPolygon","coordinates":[[[[2.219938888973745,41.446571605574874],[2.220773662817193,41.447166631804009],[2.22083906085164,41.447103824495251],[2.220896810462125,41.44702289636858],[2.220925006872975,41.446859601955381],[2.220938385699979,41.446832039678014],[2.221373405351465,41.445993418515762],[2.221445853405327,41.445851501000043],[2.221888089139733,41.444999964885874],[2.222248873704536,41.444332323681003],[2.22236407640212,41.444248180785792],[2.222521909255815,41.444005537055048],[2.222823532993674,41.443409604768938],[2.223161821605219,41.442706890642562],[2.22343148422324,41.442134288326507],[2.223617393431587,41.441912508763714],[2.222055100134041,41.440361867668621],[2.221848530044249,41.440161667264782],[2.220484534372497,41.438814124599674],[2.220460191090614,41.438789025834048],[2.22027577637583,41.438911205649099],[2.219614991213527,41.439780146865331],[2.21962536036473,41.439785882897588],[2.219690774275191,41.439822050202565],[2.219705946036071,41.43983056607815],[2.219720983980104,41.439839261192347],[2.219750552315495,41.439857053305481],[2.219770001760307,41.439869201164832],[2.219795563926488,41.439885678025192],[2.219829182761273,41.43990808237676],[2.21987339528125,41.439938467100369],[2.219904469810294,41.439960430821579],[2.219935025582433,41.439982733297825],[2.219955170560601,41.439997777227049],[2.219981752951327,41.440018026069552],[2.220016797474595,41.440045331067672],[2.220049372514407,41.440070943926045],[2.22008167002123,41.440096744048887],[2.220102778934077,41.440114262523636],[2.220114627020886,41.440124449201619],[2.22012788001668,41.440136266741987],[2.220142606068263,41.44015002185882],[2.220184590019081,41.440190596762662],[2.220226526469459,41.440231144306509],[2.220272192916528,41.440275085901128],[2.220317871286972,41.440319036565505],[2.220369242936508,41.440368367210084],[2.220419492259986,41.440416465213559],[2.220103036331162,41.44077787732607],[2.219860409951857,41.441046454463255],[2.2196401488109,41.441286539228685],[2.219591257360836,41.441340792459094],[2.219454052680402,41.441492447088855],[2.219216838054301,41.44175549298096],[2.219239368051693,41.441758357171516],[2.219258073319005,41.441760736014039],[2.219273660813184,41.441762571257705],[2.219301041386821,41.441765225164268],[2.219321659105329,41.441766842340435],[2.219352626672754,41.441768845027099],[2.219383645146001,41.441770595843082],[2.219414295051389,41.441772136978372],[2.219460275639121,41.441773971311427],[2.219713932214614,41.441781799626732],[2.219635809531495,41.441897843627224],[2.218695451997321,41.442860927917252],[2.218661176079322,41.442844301547048],[2.218627011222517,41.442828396514898],[2.218421995387859,41.442735217781845],[2.218234081197886,41.442653414211094],[2.218214658291109,41.44264598616779],[2.218195356167873,41.442638468868054],[2.218020916137282,41.442610891151155],[2.217951946678417,41.442590524778041],[2.217916795195111,41.442582034940834],[2.217885481434524,41.442573949503739],[2.217854335906787,41.442565811157699],[2.217823190387026,41.442557672803268],[2.217790611223794,41.442549299503931],[2.217758032069147,41.442540926195406],[2.217725393074828,41.442532552470603],[2.217692754089112,41.442524178736576],[2.21766494088601,41.442516666503998],[2.217644268101082,41.442510653034475],[2.217613461845718,41.442501183832562],[2.217582779520241,41.442491364176021],[2.217569593844813,41.442486887854507],[2.217558247921576,41.442482721293189],[2.21753878181645,41.442474914529804],[2.217524444245874,41.44246867391859],[2.217503243310784,41.442458801653395],[2.217482263793768,41.442448435482596],[2.217468191246661,41.442441061732332],[2.217456229202799,41.442434377897762],[2.217446019005526,41.442428345509384],[2.217428649841441,41.442417382383098],[2.217415980301478,41.442408811178744],[2.217406662906487,41.442402199379657],[2.217392912101766,41.44239196344914],[2.217379405244283,41.442381350865283],[2.217365941125849,41.442370171103029],[2.217354664795075,41.442360222229794],[2.217345182769809,41.442351375464476],[2.21733716130813,41.44234351143978],[2.21732373187718,41.442329449533318],[2.217314154110376,41.442318611473397],[2.217307239169893,41.442310313613419],[2.217297277304819,41.442297572371785],[2.217287798995489,41.442284438093679],[2.217279483200371,41.442272185446768],[2.217272526250052,41.442261410257444],[2.217266726719022,41.442251940014017],[2.217261919090893,41.442243602449125],[2.217257949385687,41.442236261403544],[2.217251557297728,41.442223310261056],[2.217247306293206,41.442213481251798],[2.217244451063661,41.442206039701979],[2.217240744277831,41.442194755194002],[2.217237781666458,41.442183304609934],[2.217232492794174,41.44215825499861],[2.217225260200889,41.44212064481691],[2.217217352146913,41.442077490471782],[2.217215504345701,41.442065769302978],[2.21721310377171,41.44205789403572],[2.217209800164146,41.442050206175239],[2.217205618665745,41.442042764230699],[2.217200591100482,41.442035624839711],[2.217194755731364,41.44202884233723],[2.217188156969223,41.442022468342088],[2.217180845034711,41.442016551364105],[2.217172875576094,41.442011136434942],[2.217164309245735,41.442006264765325],[2.217155211238485,41.442001973431516],[2.217145650795526,41.441998295093029],[2.217135700677399,41.441995257744111],[2.217125436610262,41.441992884500728],[2.217114936709576,41.441991193424656],[2.217104280885606,41.441990197385906],[2.217093550235266,41.441989903964945],[2.217082826424938,41.44199031539484],[2.217072191068941,41.441991428544384],[2.217061725108421,41.441993234941876],[2.217051508195337,41.441995720839586],[2.21704161808628,41.441998867318389],[2.217032130050704,41.442002650431824],[2.217023116298091,41.442007041388152],[2.217014645428391,41.442012006769716],[2.217006781909949,41.44201750878706],[2.216761161073881,41.442200254243168],[2.216551542239042,41.442360482673394],[2.21596478915201,41.442791580114225],[2.216884395358869,41.443575951618136],[2.217646230624849,41.444471191537602],[2.21860259226343,41.445143237028091],[2.219274286507999,41.446005795790036],[2.219649639440377,41.446252904897676],[2.219938888973745,41.446571605574874]]]]}},
{"type":"Feature","properties":{"gml_id":"barris.29","barris_id":29.0,"nom":"GORG                          ","nom_min":"Gorg                          "},"geometry":{"type":"MultiPolygon","coordinates":[[[[2.242422149783335,41.438737217821185],[2.241823200523484,41.438025926555383],[2.241534609608966,41.437676589140288],[2.241400065762356,41.437513380263532],[2.241090283236782,41.437135373995737],[2.240922742918767,41.436939446602899],[2.240370662310059,41.436289851878342],[2.239866304245232,41.436547329962401],[2.239728912411036,41.43653514307654],[2.239618804427195,41.436417942325008],[2.238798478534341,41.436885909356988],[2.238670136735542,41.436964963676232],[2.238413337843383,41.437113998626842],[2.238265582639734,41.436959238581203],[2.238221481283945,41.436913071384716],[2.237885025605625,41.436597151395276],[2.237801560474332,41.436519056695097],[2.237601617639594,41.436332204948982],[2.237138411306766,41.4358895081348],[2.236867704469775,41.435624164657014],[2.236736679127413,41.435495692988241],[2.23657493206277,41.435341078253579],[2.236543814066894,41.435311242867584],[2.236022168384787,41.434806517387898],[2.235907928394104,41.434701501523577],[2.235724596504224,41.434528237913852],[2.234504335784517,41.433352101350891],[2.234464216136666,41.433314974812191],[2.23439651323888,41.433352175197427],[2.233573894935089,41.433849850444709],[2.233464072075907,41.433916344843247],[2.23346351706742,41.433916679594773],[2.233459279056448,41.43391924565254],[2.233451058696694,41.433924221140671],[2.233446775243532,41.433926794158005],[2.232901488653418,41.434244667632761],[2.232845318967748,41.434278070832164],[2.232183831426661,41.434669983421557],[2.231343582287954,41.435167705827332],[2.230230502861323,41.435828834439604],[2.230118125765138,41.435877817745769],[2.22999457087573,41.435931839102047],[2.229226495791834,41.436396561867333],[2.229769918697164,41.436884286095179],[2.229769990429003,41.436884396502393],[2.230259580787662,41.437321720294364],[2.232037771982573,41.43890915672867],[2.231594367869683,41.439169761277014],[2.230905479842115,41.439576075173946],[2.230625430291524,41.439746141712568],[2.230600555158427,41.439761098041537],[2.230600158155202,41.439761335902801],[2.229807774432771,41.440236079891037],[2.23043450482447,41.440568535623555],[2.23184562410657,41.441308991706642],[2.23198458981622,41.441380898309433],[2.232066428581417,41.44142477051107],[2.232547819181753,41.441683614584356],[2.232756704439006,41.441795259174661],[2.23284484778035,41.441842595699008],[2.233409873957371,41.442159101063865],[2.233531898329019,41.442233595083643],[2.233670592548124,41.442323800905896],[2.234005429900654,41.442454324281172],[2.235126190371806,41.443033889969399],[2.235541174668378,41.442792818321344],[2.236153791995751,41.442429296023768],[2.23711915527149,41.441863192071132],[2.237429482860438,41.441685101761692],[2.237642721411284,41.441558700179883],[2.23780352890678,41.441462936257629],[2.238423967459314,41.441093778962049],[2.238752426248936,41.440900042140278],[2.239572061607869,41.440416271447695],[2.242422149783335,41.438737217821185]]]]}},
{"type":"Feature","properties":{"gml_id":"barris.30","barris_id":15.0,"nom":"SANT ANTONI DE LLEFIÀ         ","nom_min":"Sant Antoni de Llefià         "},"geometry":{"type":"MultiPolygon","coordinates":[[[[2.218695451997335,41.442860927917238],[2.219635809531495,41.441897843627224],[2.219713932214616,41.44178179962671],[2.219460275639124,41.441773971311441],[2.21941429505141,41.441772136978379],[2.219383645146013,41.441770595843082],[2.21935262667275,41.441768845027113],[2.21932165910534,41.441766842340428],[2.219301041386827,41.441765225164289],[2.219273660813189,41.441762571257726],[2.219258073319005,41.441760736014018],[2.219239368051688,41.441758357171501],[2.219216838054299,41.441755492980974],[2.219454052680392,41.441492447088891],[2.219591257360844,41.441340792459123],[2.219640148810899,41.441286539228713],[2.21986040995187,41.441046454463269],[2.220103036331164,41.440777877326077],[2.220419492260002,41.440416465213566],[2.220369242936531,41.440368367210098],[2.220317871286972,41.440319036565512],[2.220272192916525,41.440275085901142],[2.220226526469454,41.44023114430653],[2.220184590019078,41.440190596762683],[2.220142606068255,41.44015002185882],[2.220127880016695,41.440136266741995],[2.220114627020891,41.440124449201619],[2.220102778934082,41.440114262523636],[2.220081670021229,41.440096744048923],[2.220049372514401,41.440070943926081],[2.220016797474596,41.440045331067665],[2.219981752951337,41.440018026069559],[2.219955170560596,41.439997777227049],[2.21993502558243,41.439982733297796],[2.21990446981031,41.4399604308216],[2.219873395281258,41.439938467100369],[2.219829182761265,41.439908082376775],[2.219795563926489,41.439885678025213],[2.219770001760323,41.439869201164854],[2.219750552315519,41.439857053305495],[2.219720983980107,41.439839261192319],[2.219705946036078,41.43983056607815],[2.219690774275191,41.439822050202594],[2.219625360364741,41.439785882897588],[2.219614991213531,41.439780146865331],[2.220275776375831,41.438911205649092],[2.220460191090622,41.438789025834062],[2.220406697730939,41.438733872243517],[2.219944746972794,41.438290150498723],[2.219805472016801,41.438168839467771],[2.219465898240114,41.43791952456192],[2.21945663658043,41.437913291613789],[2.219447219544242,41.437907039595494],[2.219437754202519,41.437900823278305],[2.219374890438411,41.437859791099193],[2.219311857462561,41.437818901855607],[2.219248375480779,41.437777532135122],[2.219216253235505,41.43775720046667],[2.219199950097395,41.437747253668],[2.219183441117625,41.437737503632867],[2.219137993093671,41.437711478845884],[2.219092375382202,41.437685633037219],[2.219035035751648,41.437653105164571],[2.218977647655556,41.437620630978543],[2.21892951483132,41.437593921325679],[2.218880969920598,41.437567641210215],[2.218857788494323,41.437555350749996],[2.218834582706959,41.437543096149376],[2.218824117261778,41.43753744045609],[2.218813779074446,41.4375311551062],[2.218711583559486,41.437476173101693],[2.218620459019833,41.437428264999433],[2.218525148534228,41.437376094888123],[2.218429895558754,41.437324132259022],[2.218334521535907,41.4372722948318],[2.218308664788092,41.437258535880176],[2.21826937040283,41.437238443433351],[2.21822971265395,41.437218708800152],[2.218197331273621,41.437203058947233],[2.218172713719126,41.437191767417431],[2.218154007695799,41.437183587605176],[2.218139835223008,41.437177645431881],[2.218118321010486,41.437169077217632],[2.218096466161938,41.437160966062351],[2.218077800411728,41.437154416856458],[2.218044956861084,41.437143366615139],[2.218020167762921,41.437135397628062],[2.217982769913471,41.437123839007789],[2.217945152203892,41.437112648184979],[2.217934035852498,41.437109374953067],[2.21792284552544,41.437106281365615],[2.217911628555974,41.437103412781703],[2.217900984350411,41.437100692210684],[2.217692223032068,41.43703988633002],[2.217861867878776,41.436836769677321],[2.218159186643876,41.436463631818718],[2.217995460387184,41.435894509960811],[2.217938574799377,41.435707849427708],[2.21781756924031,41.435478417840756],[2.2175963586998,41.435141386201778],[2.217320177653474,41.434815158244824],[2.217122068582693,41.434589875980443],[2.217087858118649,41.434568205396772],[2.216782930928396,41.434354472437747],[2.216166325788545,41.433939451369646],[2.215755542171983,41.434193245675573],[2.215357655397194,41.433791481589594],[2.21530919899372,41.433826104502039],[2.215141948031603,41.433988734403748],[2.215121261307956,41.434008932013114],[2.215032991547804,41.434095098185104],[2.215025155204828,41.434102755062362],[2.214984529025109,41.434150103704049],[2.21494515845116,41.434195951429544],[2.214929435825835,41.434214290690655],[2.214917915184387,41.434227677412743],[2.214892533967982,41.434257262927765],[2.21486087282164,41.434294132780636],[2.21481331543285,41.434349565642492],[2.214792872115552,41.434373368066552],[2.214752505204762,41.434420365850819],[2.214675943453095,41.434509596747944],[2.214148923138102,41.435215881625261],[2.213025136074457,41.436519661285558],[2.212979857323073,41.436705553068045],[2.213020632583564,41.436892024721104],[2.213240067895704,41.437427837916196],[2.213195278632145,41.437573244703422],[2.213518894565549,41.438287831304258],[2.21316249454326,41.439278666852545],[2.213245616964459,41.439784591307571],[2.21322090607123,41.439849975569473],[2.213266200855352,41.439909873934745],[2.213269064354829,41.439927302416734],[2.213306578548615,41.439997894129235],[2.21333286781358,41.439999166903796],[2.2145106138671,41.441591207698657],[2.214786401059299,41.441697342923874],[2.214785336639177,41.441785536350714],[2.215964789152005,41.442791580114211],[2.216551542239038,41.442360482673415],[2.216761161073883,41.442200254243176],[2.21700678190995,41.442017508787067],[2.217014645428389,41.442012006769744],[2.217023116298095,41.442007041388138],[2.217032130050702,41.442002650431846],[2.217041618086274,41.441998867318411],[2.217051508195341,41.441995720839586],[2.217061725108446,41.441993234941876],[2.21707219106894,41.441991428544398],[2.217082826424949,41.441990315394868],[2.217093550235274,41.441989903964959],[2.217104280885604,41.441990197385906],[2.217114936709576,41.441991193424663],[2.217125436610269,41.441992884500728],[2.217135700677409,41.441995257744111],[2.217145650795536,41.441998295093029],[2.217155211238491,41.442001973431537],[2.217164309245761,41.442006264765361],[2.217172875576095,41.442011136434971],[2.217180845034725,41.442016551364098],[2.217188156969232,41.442022468342095],[2.217194755731366,41.44202884233723],[2.217200591100494,41.442035624839711],[2.21720561866577,41.442042764230699],[2.217209800164158,41.44205020617526],[2.217213103771707,41.44205789403572],[2.217215504345727,41.442065769302978],[2.217217352146932,41.442077490471782],[2.217225260200895,41.442120644816946],[2.217232492794169,41.442158254998624],[2.217237781666455,41.442183304609948],[2.217240744277846,41.442194755194002],[2.21724445106367,41.442206039701979],[2.21724730629322,41.442213481251791],[2.217251557297755,41.442223310261092],[2.217257949385694,41.442236261403565],[2.217261919090908,41.442243602449153],[2.217266726719039,41.442251940014017],[2.217272526250079,41.442261410257458],[2.217279483200366,41.442272185446782],[2.2172877989955,41.442284438093722],[2.217297277304816,41.442297572371821],[2.21730723916992,41.442310313613426],[2.217314154110382,41.442318611473418],[2.217323731877195,41.442329449533339],[2.217337161308133,41.44234351143978],[2.217345182769793,41.442351375464476],[2.217354664795081,41.442360222229809],[2.217365941125873,41.44237017110305],[2.217379405244295,41.44238135086529],[2.21739291210177,41.442391963449161],[2.217406662906493,41.442402199379643],[2.217415980301485,41.442408811178758],[2.217428649841445,41.442417382383105],[2.217446019005523,41.442428345509384],[2.217456229202809,41.442434377897797],[2.217468191246672,41.442441061732339],[2.217482263793782,41.442448435482603],[2.217503243310801,41.442458801653395],[2.217524444245895,41.442468673918619],[2.217538781816459,41.442474914529797],[2.217558247921581,41.442482721293217],[2.217569593844813,41.442486887854507],[2.217582779520238,41.442491364176036],[2.217613461845735,41.442501183832576],[2.217644268101094,41.442510653034461],[2.217664940886011,41.442516666504034],[2.217692754089104,41.442524178736598],[2.217725393074825,41.442532552470603],[2.21775803206916,41.442540926195399],[2.217790611223788,41.442549299503959],[2.217823190387049,41.442557672803268],[2.217854335906804,41.442565811157678],[2.217885481434533,41.442573949503739],[2.217916795195106,41.442582034940884],[2.217951946678416,41.442590524778062],[2.218020916137277,41.442610891151176],[2.218195356167886,41.442638468868083],[2.218214658291101,41.442645986167804],[2.218234081197888,41.442653414211115],[2.218421995387863,41.442735217781859],[2.21862701122253,41.442828396514884],[2.218661176079324,41.442844301547048],[2.218695451997335,41.442860927917238]]]]}},
{"type":"Feature","properties":{"gml_id":"barris.31","barris_id":19.0,"nom":"SANT MORI DE LLEFIÀ           ","nom_min":"Sant Mori de Llefià           "},"geometry":{"type":"MultiPolygon","coordinates":[[[[2.220148792510682,41.435103632497217],[2.220147171841359,41.43510278562362],[2.219664902724306,41.434845794778127],[2.219177144317575,41.434589195122484],[2.218725544848881,41.434349110371869],[2.218418484835979,41.434186286530171],[2.217934558203285,41.433930643606324],[2.216978199939498,41.433423889743487],[2.216824936732964,41.433344772243693],[2.216689797015732,41.433272609731105],[2.216614929489872,41.433352448913531],[2.216536555566667,41.433394322030217],[2.216502018559154,41.433412768165454],[2.216431534907496,41.433450425439815],[2.216341463821412,41.433498532937904],[2.216288519678425,41.43352681580236],[2.216273509853522,41.433534829214935],[2.216188870230635,41.433576163985158],[2.216117486124425,41.433592161052275],[2.215673590790673,41.433691648178709],[2.215545163658367,41.433720433722577],[2.215416128216942,41.433749381318073],[2.215357655397191,41.433791481589594],[2.215755542171974,41.43419324567558],[2.216166325788542,41.433939451369653],[2.216782930928389,41.434354472437747],[2.217087858118624,41.434568205396772],[2.217122068582691,41.43458987598045],[2.217320177653463,41.434815158244788],[2.217596358699801,41.435141386201778],[2.217817569240308,41.435478417840713],[2.217938574799355,41.4357078494277],[2.217995460387179,41.435894509960825],[2.218159186643871,41.436463631818711],[2.21786186787878,41.436836769677321],[2.217692223032068,41.437039886329998],[2.217900984350406,41.437100692210677],[2.217911628555959,41.437103412781681],[2.217922845525441,41.437106281365615],[2.217934035852499,41.43710937495306],[2.217945152203881,41.437112648184957],[2.217982769913448,41.437123839007825],[2.218020167762921,41.437135397628055],[2.218044956861063,41.437143366615111],[2.21807780041173,41.437154416856423],[2.218096466161944,41.437160966062336],[2.218118321010473,41.437169077217618],[2.218139835223008,41.437177645431873],[2.218154007695792,41.43718358760519],[2.218172713719126,41.437191767417403],[2.218197331273621,41.437203058947233],[2.21822971265394,41.437218708800174],[2.218269370402825,41.437238443433337],[2.218308664788095,41.437258535880154],[2.218334521535892,41.437272294831793],[2.218429895558755,41.437324132259029],[2.218525148534232,41.437376094888123],[2.21862045901982,41.437428264999404],[2.218711583559479,41.437476173101693],[2.218813779074424,41.437531155106186],[2.218824117261776,41.43753744045609],[2.21883458270696,41.437543096149355],[2.218857788494308,41.437555350749996],[2.218880969920582,41.437567641210201],[2.218929514831299,41.437593921325664],[2.218977647655542,41.437620630978543],[2.219035035751649,41.437653105164571],[2.219092375382195,41.437685633037219],[2.219137993093671,41.437711478845905],[2.219183441117627,41.437737503632853],[2.219199950097369,41.437747253667979],[2.219216253235508,41.43775720046667],[2.219248375480783,41.437777532135101],[2.219311857462545,41.4378189018556],[2.219374890438395,41.437859791099172],[2.21943775420252,41.437900823278284],[2.219447219544227,41.437907039595494],[2.21945663658042,41.437913291613789],[2.219465898240102,41.437919524561913],[2.219805472016789,41.438168839467764],[2.219944746972802,41.438290150498709],[2.220406697730942,41.438733872243517],[2.220460191090614,41.438789025834048],[2.220484534372497,41.438814124599674],[2.221848530044249,41.440161667264782],[2.222055100134041,41.440361867668621],[2.223617393431587,41.441912508763714],[2.22378467237033,41.441718038397063],[2.223806093485934,41.441648303385861],[2.223891345941487,41.441463749168776],[2.223945142929946,41.441370254849915],[2.224480935839651,41.440470604626327],[2.224538007532229,41.44037036752151],[2.224562818199777,41.440327479321382],[2.224567082732993,41.440320185038836],[2.224571251940485,41.440312854083707],[2.22457522942423,41.440305539850542],[2.22457920690706,41.440298225617219],[2.224603248920491,41.440259565715102],[2.224634121393833,41.440210233022867],[2.224659360264261,41.440171581177701],[2.224665831665704,41.440160905970188],[2.224672662141866,41.440150233183047],[2.224692607759137,41.440120823292901],[2.224708046467624,41.440098958261309],[2.224719887607608,41.44008266258669],[2.224738072067194,41.440058402070726],[2.224756756966358,41.440034334081162],[2.224779503897623,41.440005897846028],[2.224796825742083,41.439984712045359],[2.224823201163858,41.439953129645666],[2.224850029135681,41.439921739445957],[2.224896048736215,41.439868950840371],[2.224919367829179,41.439842716244968],[2.224942972553962,41.439816618681078],[2.224948306572321,41.43981097995038],[2.224953999664731,41.439805343639279],[2.225286222158376,41.439427000315384],[2.22555681753958,41.439129262834619],[2.226274184172695,41.438358731994967],[2.226234961207114,41.438337889223355],[2.224299587864579,41.437309413926272],[2.223710938787181,41.436997173221933],[2.22370499963918,41.436994022852879],[2.223621980822851,41.436950091676515],[2.223462764688439,41.436865142413872],[2.223357417801378,41.436808973654159],[2.223346865746405,41.436803629230852],[2.223325138053704,41.436792160893816],[2.223312341063751,41.436785400880609],[2.222660014172547,41.436440964189707],[2.22265729432004,41.436439522467026],[2.222196064980833,41.436195711578669],[2.222044103538926,41.4361151076927],[2.22182694667688,41.435999964292797],[2.221589324942258,41.435873934509424],[2.221359405734221,41.43575199432577],[2.221256402485711,41.435697396464981],[2.221013931312337,41.435566907224157],[2.220956605223221,41.435536071182838],[2.220921745113364,41.43551714417729],[2.220868053831333,41.435487820419688],[2.220697904154304,41.435395187616734],[2.220148792510682,41.435103632497217]]]]}},
{"type":"Feature","properties":{"gml_id":"barris.32","barris_id":27.0,"nom":"SANT ROC                      ","nom_min":"Sant Roc                      "},"geometry":{"type":"MultiPolygon","coordinates":[[[[2.229226495791834,41.436396561867333],[2.22999457087573,41.435931839102047],[2.230118125765138,41.435877817745769],[2.229277107369531,41.435095327165882],[2.228778511801718,41.434647197591111],[2.228017247409836,41.433963109609095],[2.22731656506617,41.433349321252102],[2.226876535960971,41.43295057721442],[2.226244441316126,41.432378317187329],[2.226029169462226,41.432183208708445],[2.225878408018305,41.43202852710008],[2.225787003696642,41.431914778373624],[2.225713213617923,41.431799346677749],[2.225636775914363,41.431685158145974],[2.225551236298426,41.431581537045346],[2.225446854200214,41.431482292694959],[2.22531517732705,41.431393673314965],[2.225199969192762,41.431329214599216],[2.224616712675721,41.431978674193331],[2.22429597469131,41.432208777041417],[2.223475651753891,41.430991090462726],[2.22255400257195,41.43241965317403],[2.222628990561717,41.432450720150818],[2.222421621790965,41.432687988314953],[2.221946277286178,41.433212906411569],[2.221776285014884,41.43335587519055],[2.221340982165245,41.433828476276098],[2.220947795731651,41.434235786864065],[2.220882193155887,41.434306771403335],[2.220615042621379,41.434596621960658],[2.220148785855668,41.435101039576381],[2.220147171841359,41.43510278562362],[2.220616794854897,41.435352144876347],[2.220695733970354,41.43539401622219],[2.220868053831333,41.435487820419688],[2.220921245648697,41.435516871830366],[2.220953481933574,41.43553437774581],[2.221123440246527,41.435625852425161],[2.221256860215721,41.435697644288346],[2.221589459942521,41.435873976210473],[2.222044184344549,41.43611514902662],[2.222203551606496,41.43619965739996],[2.222659995084627,41.436440950413406],[2.223362481654833,41.436812656009714],[2.223462381140664,41.436865204173728],[2.223619181715607,41.43694860178379],[2.223621983616873,41.436950095977743],[2.224299587864579,41.437309413926272],[2.226234961207114,41.438337889223355],[2.226274184172695,41.438358731994967],[2.226434651408907,41.438172502002267],[2.226817454356346,41.43792399417682],[2.227531987737241,41.437480505077531],[2.228232559693108,41.437035584721627],[2.228429667969007,41.436911010451652],[2.229226495791834,41.436396561867333]]]]}},
{"type":"Feature","properties":{"gml_id":"barris.33","barris_id":24.0,"nom":"EL REMEI                      ","nom_min":"El Remei                      "},"geometry":{"type":"MultiPolygon","coordinates":[[[[2.230118125765138,41.435877817745769],[2.230230502861323,41.435828834439604],[2.231343582287954,41.435167705827332],[2.232183831426661,41.434669983421557],[2.232845318967748,41.434278070832164],[2.232901488653418,41.434244667632761],[2.233441892543105,41.433929678030225],[2.233444120385052,41.43392834234195],[2.233444703439025,41.433928002693428],[2.233446747061409,41.433926810674819],[2.23345106744169,41.433924216114931],[2.233573893610924,41.433849850931978],[2.23439651323888,41.433352175197427],[2.234464216136666,41.433314974812191],[2.233550787415017,41.432427243002742],[2.233439197255107,41.432318950452995],[2.232874748106755,41.431780955600189],[2.231748728521365,41.430696590079556],[2.230778918813768,41.431492355583806],[2.230415073344151,41.43116540136149],[2.230029361937643,41.431032995370337],[2.22943511318212,41.430996358678179],[2.22919979384063,41.430727497506979],[2.22910779972284,41.430622723823461],[2.229101192286672,41.430614920399073],[2.229048763092545,41.430552239809089],[2.228930516252718,41.4304108285097],[2.228913961601637,41.430391179983204],[2.228811068553083,41.430269900641413],[2.228512094675994,41.430421142104599],[2.226940289755688,41.429869182328929],[2.226618843491385,41.429763152027668],[2.226456448713182,41.429936021261625],[2.22464049718095,41.429293512166609],[2.223478461255907,41.430986985272263],[2.223475655520721,41.430991087678265],[2.22429597469131,41.432208777041417],[2.224616712675721,41.431978674193331],[2.225199969192762,41.431329214599216],[2.22531517732705,41.431393673314965],[2.225446854200214,41.431482292694959],[2.225551236298426,41.431581537045346],[2.225636775914363,41.431685158145974],[2.225713213617923,41.431799346677749],[2.225787003696642,41.431914778373624],[2.225878408018305,41.43202852710008],[2.226029169462226,41.432183208708445],[2.226244441316126,41.432378317187329],[2.226876535960971,41.43295057721442],[2.22731656506617,41.433349321252102],[2.228017247409836,41.433963109609095],[2.228778511801718,41.434647197591111],[2.229277107369531,41.435095327165882],[2.230118125765138,41.435877817745769]]]]}},
{"type":"Feature","properties":{"gml_id":"barris.34","barris_id":26.0,"nom":"ARTIGUES                      ","nom_min":"Artigues                      "},"geometry":{"type":"MultiPolygon","coordinates":[[[[2.216689851986848,41.433272617171944],[2.216824892644485,41.433344748350073],[2.216978199939498,41.433423889743487],[2.217934753283044,41.433930499427291],[2.21841852834669,41.434186386036487],[2.21872516167687,41.434348816757534],[2.219177144317575,41.434589195122484],[2.219664902724306,41.434845794778127],[2.220147171841359,41.43510278562362],[2.220615042621379,41.434596621960658],[2.220882193155887,41.434306771403335],[2.220947795731651,41.434235786864065],[2.221340982165245,41.433828476276098],[2.221776285014884,41.43335587519055],[2.221946277286178,41.433212906411569],[2.222421621790965,41.432687988314953],[2.222628990561717,41.432450720150818],[2.22255400257195,41.43241965317403],[2.222550141503327,41.432425652673302],[2.222116734142027,41.432265339984362],[2.222021434485537,41.432223836114254],[2.221611821070733,41.43205490451917],[2.221516760077157,41.432011731973397],[2.221115745506322,41.431828839597117],[2.220750063359783,41.43166205930909],[2.219645078876076,41.432900016276214],[2.219584630137553,41.432968629059367],[2.218920430917096,41.432752174889444],[2.218830389079554,41.432704346323298],[2.218762321017334,41.432681815616974],[2.218752947363748,41.432678716541602],[2.218719389838222,41.432667499498891],[2.218673255793826,41.432652071596721],[2.218639579158766,41.432640808684241],[2.218556275710596,41.432612950136367],[2.218190922631359,41.432488884608169],[2.218000822451231,41.432423161923815],[2.217789220388511,41.43235000566137],[2.217743248008309,41.432334110097855],[2.21765433078352,41.432303366359207],[2.217593840868459,41.432282453913935],[2.217440977986897,41.43219037535296],[2.216449912528804,41.433145109516438],[2.216689851986848,41.433272617171944]]]]}}
]
}
